Date,Year,State,Site,Lat,Long,Age,Sex,Transmitter,BandID,Alive/Dead,CaptureMyopathy,TransmitterFail,NestAttempts,DiedNesting,BroodStage,DiedBrood,Harvested
2/3/21,2021,SC,SRS,,,1,1,47402,1,1,,,,,,,
10/29/201,2021,SC,SRS,,,1,1,47402,1,1,,,,,,,
2/3/21,2021,SC,SRS,,,1,1,47441,2,1,,,,,,,
10/29/21,2021,SC,SRS,,,1,1,47441,2,0,,,,,,,
2/3/21,2021,SC,SRS,,,1,1,47495,3,1,,,,,,,
4/10/21,2021,SC,SRS,,,1,1,47495,3,0,,,,,,,
1/22/22,2022,SC,SRS,,,1,0,10248,4,1,,,,,,,
10/2/22,2022,SC,SRS,,,1,0,10248,4,0,,,2,,1,,
1/21/22,2022,SC,SRS,,,0,0,10272,5,1,,,,,,,
6/13/22,2022,SC,SRS,,,0,0,10272,5,0,,,1,,1,,
1/15/22,2022,SC,SRS,,,1,0,10266,6,1,,,,,,,
9/14/22,2022,SC,SRS,,,1,0,10266,6,0,,,0,,,,
1/23/22,2022,SC,SRS,,,1,1,10253,7,1,,,,,,,
11/16/22,2022,SC,SRS,,,1,1,10253,7,1,,,,,,,
3/7/22,2022,SC,SRS,,,0,1,,8,1,,,,,,,
1/12/22,2022,SC,SRS,,,1,0,9511,9,1,,1,,,,,
1/20/22,2022,SC,SRS,,,1,1,10246,10,1,,,,,,,
4/10/22,2022,SC,SRS,,,1,1,10246,10,0,,,,,,,
1/20/22,2022,SC,SRS,,,1,1,10256,11,1,,,,,,,
11/16/22,2022,SC,SRS,,,1,1,10256,11,1,,,,,,,
2/3/22,2022,SC,SRS,,,1,0,10290,12,1,,,,,,,
12/31/22,2022,SC,SRS,,,1,0,10290,12,1,,,1,,1,,
1/4/23,2023,SC,SRS,,,1,0,10290,12,1,,,,,,,
1/15/22,2022,SC,SRS,,,1,0,10282,13,1,,,,,,,
12/31/22,2022,SC,SRS,,,1,0,10282,13,1,,,1,,1,,
2/2/23,2023,SC,SRS,,,1,0,11220,13,1,,,,,,,
3/16/23,2023,SC,SRS,,,1,0,11220,13,0,,,,,,,
1/28/22,2022,SC,SRS,,,1,0,10245,14,1,,,,,,,
12/31/22,2022,SC,SRS,,,1,0,10245,14,1,,,1,,,,
1/6/23,2023,SC,SRS,,,1,0,10245,14,1,,,,,,,
1/14/22,2022,SC,SRS,,,1,0,9506,15,1,,,,,,,
5/22/22,2022,SC,SRS,,,1,0,9506,15,0,,,1,,1,1,
1/20/22,2022,SC,SRS,,,1,1,10255,16,1,,,,,,,
11/16/22,2022,SC,SRS,,,1,1,10255,16,1,,,,,,,
3/7/22,2022,SC,SRS,,,0,0,10295,17,1,,,,,,,
12/24/22,2022,SC,SRS,,,0,0,10295,17,1,,,1,,,,
1/14/22,2022,SC,SRS,,,1,0,9503,18,1,1,,,,,,
1/20/22,2022,SC,SRS,,,1,1,10251,19,1,,,,,,,
4/19/22,2022,SC,SRS,,,1,1,10251,19,1,,1,,,,,
1/14/22,2022,SC,SRS,,,0,0,9498,20,1,1,,,,,,
1/14/22,2022,SC,SRS,,,0,0,9496,21,1,,,,,,,
11/9/22,2022,SC,SRS,,,0,0,9496,21,1,,,0,,,,
1/14/22,2022,SC,SRS,,,0,1,,22,1,,,,,,,
1/12/22,2022,SC,SRS,,,1,0,9497,23,1,,,,,,,
12/31/22,2022,SC,SRS,,,1,0,9497,23,1,,,1,,1,,
1/15/23,2023,SC,SRS,,,1,0,9497,23,1,,1,,,,,
1/15/22,2022,SC,SRS,,,1,0,9494,24,1,,,,,,,
5/21/22,2022,SC,SRS,,,1,0,9494,24,0,,,1,1,,,
1/15/22,2022,SC,SRS,,,0,0,9512,25,1,,,,,,,
12/31/22,2022,SC,SRS,,,0,0,9512,25,1,,,1,,1,,
1/30/22,2022,SC,SRS,,,1,1,10257,26,1,,,,,,,
11/17/22,2022,SC,SRS,,,1,1,10257,26,1,,,,,,,
1/14/22,2022,SC,SRS,,,0,0,9509,27,1,,,,,,,
7/18/22,2022,SC,SRS,,,0,0,9509,27,1,,,0,,,,
1/22/22,2022,SC,SRS,,,0,0,10264,28,1,,,,,,,
5/14/22,2022,SC,SRS,,,0,0,10264,28,0,,,1,,,,
1/12/22,2022,SC,SRS,,,1,0,9492,29,1,,,,,,,
2/11/22,2022,SC,SRS,,,1,0,9492,29,0,,,,,,,
3/7/22,2022,SC,SRS,,,0,0,,30,1,,,,,,,
3/7/22,2022,SC,SRS,,,0,0,,31,1,,,,,,,
1/20/22,2022,SC,SRS,,,1,1,10260,32,1,,,,,,,
11/15/22,2022,SC,SRS,,,1,1,10260,32,1,,,,,,,
1/15/22,2022,SC,SRS,,,1,0,10275,33,1,,,,,,,
12/31/22,2022,SC,SRS,,,1,0,10275,33,1,,,2,,,,
1/3/23,2023,SC,SRS,,,1,0,10275,33,1,,,,,,,
1/22/22,2022,SC,SRS,,,1,0,10281,34,1,1,,,,,,
1/14/22,2022,SC,SRS,,,1,0,9510,35,1,,,,,,,
12/16/22,2022,SC,SRS,,,1,0,9510,35,1,,,1,,1,,
2/15/22,2022,SC,SRS,,,1,1,9503,36,1,,,,,,,
5/4/22,2022,SC,SRS,,,1,1,9503,36,0,,,,,,,
1/22/22,2022,SC,SRS,,,0,1,,37,1,,,,,,,
1/22/22,2022,SC,SRS,,,0,1,,38,1,,,,,,,
1/21/22,2022,SC,SRS,,,0,0,10265,39,1,,,,,,,
7/14/22,2022,SC,SRS,,,0,0,10265,39,0,,,2,,,,
1/21/22,2022,SC,SRS,,,0,0,10276,40,1,,,,,,,
11/15/22,2022,SC,SRS,,,0,0,10276,40,1,,,1,,,,
1/15/22,2022,SC,SRS,,,1,0,9504,41,1,1,,,,,,
1/28/22,2022,SC,SRS,,,1,0,10241,42,1,,,,,,,
12/31/22,2022,SC,SRS,,,1,0,10241,42,1,,,2,,,,
1/6/23,2023,SC,SRS,,,1,0,10241,42,1,,,,,,,
1/14/22,2022,SC,SRS,,,0,0,9501,43,1,1,,,,,,
1/20/22,2022,SC,SRS,,,1,1,10252,44,1,,,,,,,
6/29/22,2022,SC,SRS,,,1,1,10252,44,1,,,,,,,
1/22/22,2022,SC,SRS,,,1,0,10259,45,1,,,,,,,
5/15/22,2022,SC,SRS,,,1,0,10259,45,0,,,1,,1,1,
1/20/22,2022,SC,SRS,,,1,1,10247,46,1,,,,,,,
11/16/22,2022,SC,SRS,,,1,1,10247,46,1,,,,,,,
1/22/22,2022,SC,SRS,,,0,0,10258,47,1,,,,,,,
6/26/22,2022,SC,SRS,,,0,0,1058,47,0,,,0,,,,
1/15/22,2022,SC,SRS,,,1,0,9505,48,1,,,,,,,
12/31/22,2022,SC,SRS,,,1,0,9505,48,1,,,1,,1,,
1/3/23,2023,SC,SRS,,,1,0,9505,48,1,,,,,,,
1/15/22,2022,SC,SRS,,,1,0,9500,49,1,,,,,,,
3/16/22,2022,SC,SRS,,,1,0,9500,49,0,,,,,,,
1/22/22,2022,SC,SRS,,,0,1,,50,1,,,,,,,
2/3/22,2022,SC,SRS,,,1,0,9504,51,1,,,,,,,
12/31/22,2022,SC,SRS,,,1,0,9504,51,1,,,1,,1,,
1/4/23,2023,SC,SRS,,,1,0,9504,51,1,,,,,,,
1/12/22,2022,SC,SRS,,,1,0,9502,52,1,,,,,,,
11/15/22,2022,SC,SRS,,,1,0,9502,52,1,,,1,,1,,
3/13/21,2021,SC,SRS,,,1,0,47398,53,1,,,,,,,
8/11/21,2021,SC,SRS,,,1,0,47398,53,1,,,3,,,,
3/9/21,2021,SC,SRS,,,1,1,47463,54,1,,,,,,,
10/29/21,2021,SC,SRS,,,1,1,47463,54,1,,,,,,,
1/15/22,2022,SC,SRS,,,1,0,10277,55,1,,,,,,,
12/6/22,2022,SC,SRS,,,1,0,10277,55,1,,,1,,1,,
3/3/21,2021,SC,SRS,,,1,0,47481,56,1,,,,,,,
3/28/21,2021,SC,SRS,,,1,0,47481,56,0,,,0,,,,
3/3/21,2021,SC,SRS,,,1,0,47489,57,1,,,,,,,
5/6/21,2021,SC,SRS,,,1,0,47489,57,0,,,1,1,,,
3/3/21,2021,SC,SRS,,,1,0,47494,58,1,,,,,,,
12/13/21,2021,SC,SRS,,,1,0,47494,58,1,,1,1,,,,
1/15/22,2022,SC,SRS,,,1,0,10283,58,1,,,,,,,
11/9/22,2022,SC,SRS,,,1,0,10283,58,1,,,2,,,,
3/3/21,2021,SC,SRS,,,1,0,47487,59,1,,,,,,,
4/17/21,2021,SC,SRS,,,1,0,47487,59,0,,,1,1,,,
2/23/21,2021,SC,SRS,,,1,0,47390,60,1,,,,,,,
8/11/21,2021,SC,SRS,,,1,0,47390,60,1,,,1,,,,
2/23/21,2021,SC,SRS,,,1,0,47425,61,1,,,,,,,
6/16/21,2021,SC,SRS,,,1,0,47425,61,1,,1,1,,1,,
2/23/21,2021,SC,SRS,,,1,0,47415,62,1,,,,,,,
3/17/21,2021,SC,SRS,,,1,0,47415,62,1,,1,,,,,
2/23/21,2021,SC,SRS,,,1,0,47419,63,1,,,,,,,
6/11/21,2021,SC,SRS,,,1,0,47419,63,0,,,1,,,,
2/23/21,2021,SC,SRS,,,1,0,47394,64,1,,,,,,,
10/29/21,2021,SC,SRS,,,,0,47394,64,1,,1,0,,,,
2/23/21,2021,SC,SRS,,,1,0,47420,65,1,,,,,,,
8/11/21,2021,SC,SRS,,,1,0,47420,65,1,,,0,,,,
3/9/21,2021,SC,SRS,,,1,1,47472,66,1,,,,,,,
7/6/21,2021,SC,SRS,,,1,1,47472,66,1,,1,,,,,
3/13/21,2021,SC,SRS,,,,0,47411,67,1,,,,,,,
4/19/21,2021,SC,SRS,,,,0,47411,67,1,,1,,,,,
2/23/21,2021,SC,SRS,,,1,0,47423,68,1,,,,,,,
6/23/21,2021,SC,SRS,,,1,0,47423,68,1,,1,2,,,,
1/26/25,2025,SC,SRS,,,1,0,15452,68,1,,,,,,,
7/28/25,2025,SC,SRS,,,1,0,15452,68,1,,,1,,1,,
2/23/21,2021,SC,SRS,,,1,0,47405,70,1,,,,,,,
5/13/21,2021,SC,SRS,,,1,0,47405,70,0,,,0,,,,
2/5/21,2021,SC,SRS,,,1,0,61299,71,1,,,,,,,
3/22/21,2021,SC,SRS,,,1,0,61299,71,1,,1,,,,,
2/5/21,2021,SC,SRS,,,1,0,47451,73,1,,,,,,,
3/16/21,2021,SC,SRS,,,1,0,47451,73,0,,1,,,,,
2/5/21,2021,SC,SRS,,,1,0,47460,74,1,,,,,,,
7/15/21,2021,SC,SRS,,,1,0,47460,74,1,,,0,,,,
1/15/22,2022,SC,SRS,,,1,0,9499,75,1,,,,,,,
12/31/22,2022,SC,SRS,,,1,0,9499,75,1,,,2,,,,
1/30/21,2021,SC,SRS,,,1,0,47412,76,1,,,,,,,
3/19/21,2021,SC,SRS,,,1,0,47412,76,1,,1,,,,,
1/30/21,2021,SC,SRS,,,1,0,47422,77,1,,,,,,,
6/30/21,2021,SC,SRS,,,1,0,47422,77,0,,,1,,1,,
1/30/21,2021,SC,SRS,,,1,0,47424,78,1,,,,,,,
12/13/21,2021,SC,SRS,,,1,0,47424,78,1,,1,1,,1,,
1/14/22,2022,SC,SRS,,,1,0,9508,78,1,,,,,,,
2/12/22,2022,SC,SRS,,,1,0,9508,78,0,,,,,,,
1/30/21,2021,SC,SRS,,,1,0,47414,79,1,,,,,,,
3/19/21,2021,SC,SRS,,,1,0,47414,79,1,,1,,,,,
1/30/21,2021,SC,SRS,,,0,0,,80,1,,,,,,,
1/22/22,2022,SC,SRS,,,1,0,10271,81,1,,,,,,,
12/30/22,2022,SC,SRS,,,1,0,10271,81,1,,,1,,,,
2/4/23,2023,SC,SRS,,,1,0,11566,81,1,,,,,,,
12/31/23,2023,SC,SRS,,,1,0,11566,81,1,,,1,,,,
1/1/24,2024,SC,SRS,,,1,0,11566,81,1,,,,,,,
4/1/24,2024,SC,SRS,,,1,0,11566,81,1,,,,,,,
1/30/21,2021,SC,SRS,,,1,0,47387,82,1,,,,,,,
8/11/21,2021,SC,SRS,,,1,0,47387,82,1,,,1,,1,,
1/30/21,2021,SC,SRS,,,1,0,47446,83,1,,,,,,,
5/27/21,2021,SC,SRS,,,1,0,47446,83,1,,1,1,,,,
1/11/21,2021,SC,SRS,,,1,0,47394,84,1,,,,,,,
1/19/21,2021,SC,SRS,,,1,0,47394,84,0,,,,,,,
1/11/21,2021,SC,SRS,,,1,0,47425,85,1,,,,,,,
2/10/21,2021,SC,SRS,,,1,0,47425,85,1,,1,,,,,
1/11/21,2021,SC,SRS,,,1,0,47436,86,1,,1,,,,,
1/11/21,2021,SC,SRS,,,1,0,47421,87,1,,,,,,,
10/29/21,2021,SC,SRS,,,1,0,47421,87,1,,1,2,,,,
1/11/21,2021,SC,SRS,,,0,1,,88,1,,,,,,,
2/3/22,2022,SC,SRS,,,1,0,10281,89,1,,,,,,,
11/15/22,2022,SC,SRS,,,1,0,10281,89,1,,,2,,,,
1/11/21,2021,SC,SRS,,,1,0,47413,90,1,,1,,,,,
1/11/21,2021,SC,SRS,,,0,1,,91,1,,,,,,,
1/11/21,2021,SC,SRS,,,1,0,47419,92,1,,,,,,,
2/10/21,2021,SC,SRS,,,1,0,47419,92,1,,1,,,,,
1/11/21,2021,SC,SRS,,,0,1,,93,1,,,,,,,
1/11/21,2021,SC,SRS,,,0,0,47392,94,1,,1,,,,,
1/11/21,2021,SC,SRS,,,1,0,47408,95,1,,1,,,,,
1/9/21,2021,SC,SRS,,,0,1,,96,1,,,,,,,
1/11/21,2021,SC,SRS,,,1,0,47398,97,1,,,,,,,
2/23/21,2021,SC,SRS,,,1,0,47398,97,1,,1,,,,,
1/9/21,2021,SC,SRS,,,0,1,,98,1,,,,,,,
1/9/21,2021,SC,SRS,,,1,0,47416,99,1,,1,,,,,
1/12/22,2022,SC,SRS,,,1,0,9493,99,1,,,,,,,
10/17/22,2022,SC,SRS,,,1,0,9493,99,1,,,2,,,,
1/9/21,2021,SC,SRS,,,0,0,47400,100,1,,1,,,,,
1/9/23,2023,SC,SRS,,,1,1,11203,108,1,,,,,,,
9/23/23,2023,SC,SRS,,,1,1,11203,108,0,,,,,,,
1/9/23,2023,SC,SRS,,,1,1,11204,109,1,,,,,,,
3/7/23,2023,SC,SRS,,,1,1,11204,109,1,,1,,,,,
1/9/23,2023,SC,SRS,,,1,1,11206,110,1,,,,,,,
11/30/23,2023,SC,SRS,,,1,1,11206,110,1,,,,,,,
1/28/22,2022,SC,SRS,,,1,0,10250,111,1,,,,,,,
12/31/22,2022,SC,SRS,,,1,0,10250,111,1,,,3,,,,
1/6/23,2023,SC,SRS,,,1,0,10250,111,1,,,,,,,
2/3/22,2022,SC,SRS,,,1,0,9501,112,1,,,,,,,
12/31/22,2022,SC,SRS,,,1,0,9501,112,1,,,3,,,,
1/22/23,2023,SC,SRS,,,1,0,9501,112,1,,,,,,,
1/12/21,2021,SC,SRS,,,1,1,47387,113,1,,1,,,,,
2/3/22,2022,SC,SRS,,,1,0,10295,114,1,,,,,,,
2/28/22,2022,SC,SRS,,,1,0,10295,114,0,,,,,,,
2/3/22,2022,SC,SRS,,,1,0,10300,115,1,,,,,,,
12/31/22,2022,SC,SRS,,,1,0,10300,115,1,,,2,,1,,
1/4/23,2023,SC,SRS,,,1,0,10300,115,1,,,,,,,
1/25/22,2022,SC,SRS,,,1,1,10244,116,1,,,,,,,
11/18/22,2022,SC,SRS,,,1,1,10244,116,1,,,,,,,
2/15/22,2022,SC,SRS,,,1,1,9508,118,1,,,,,,,
7/22/22,2022,SC,SRS,,,1,1,9508,118,1,,,,,,,
12/10/20,2020,SC,SRS,,,1,1,47390,119,1,,,,,,,
1/1/21,2021,SC,SRS,,,1,1,47390,119,1,,,,,,,
2/11/21,2021,SC,SRS,,,1,1,47390,119,1,,1,,,,,
1/15/25,2025,SC,SRS,,,1,0,15457,119,1,,,,,,,
7/28/25,2025,SC,SRS,,,1,0,15457,119,1,,,1,,1,,
2/3/22,2022,SC,SRS,,,1,0,9498,121,1,,,,,,,
12/31/22,2022,SC,SRS,,,1,0,9498,121,1,,,2,,,,
1/5/23,2023,SC,SRS,,,1,0,9498,121,1,,,,,,,
1/26/22,2022,SC,SRS,,,1,1,10263,122,1,,,,,,,
5/20/22,2022,SC,SRS,,,1,1,10263,122,1,,1,,,,,
1/11/24,2024,SC,SRS,,,1,1,13620,122,1,,,,,,,
5/20/24,2024,SC,SRS,,,1,1,13620,122,0,,,,,,,
2/3/22,2022,SC,SRS,,,1,0,10284,123,1,,,,,,,
11/15/22,2022,SC,SRS,,,1,0,10284,123,1,,,1,,,,
1/28/22,2022,SC,SRS,,,0,0,10261,124,1,,,,,,,
12/31/22,2022,SC,SRS,,,0,0,10261,124,1,,,1,,,,
1/6/23,2023,SC,SRS,,,1,0,10261,124,1,,,,,,,
3/1/22,2022,SC,SRS,,,1,1,10243,125,1,,,,,,,
11/14/22,2022,SC,SRS,,,1,1,10243,125,1,,,,,,,
2/3/22,2022,SC,SRS,,,1,0,10289,126,1,,,,,,,
6/4/22,2022,SC,SRS,,,1,0,10289,126,0,,,1,,1,1,
1/30/22,2022,SC,SRS,,,1,1,10249,127,1,,,,,,,
11/17/22,2022,SC,SRS,,,1,1,10249,127,1,,,,,,,
1/28/22,2022,SC,SRS,,,1,0,10242,128,1,,,,,,,
12/31/22,2022,SC,SRS,,,1,0,10242,128,1,,,2,,1,,
1/6/23,2023,SC,SRS,,,1,0,10242,128,1,,,,,,,
1/30/22,2022,SC,SRS,,,1,1,10262,129,1,,,,,,,
11/17/22,2022,SC,SRS,,,1,1,10262,129,1,,,,,,,
12/10/20,2020,SC,SRS,,,1,1,47428,130,1,,,,,,,
1/1/21,2021,SC,SRS,,,1,1,47428,130,1,,,,,,,
8/3/21,2021,SC,SRS,,,1,1,47428,130,1,,,,,,,
1/26/25,2025,SC,SRS,,,1,0,15458,130,1,,,,,,,
7/30/25,2025,SC,SRS,,,1,0,15458,130,1,,,1,,1,,
12/10/20,2020,SC,SRS,,,1,1,47422,131,1,,1,,,,,
12/18/20,2020,SC,SRS,,,,0,47391,132,1,,,,,,,
1/1/21,2021,SC,SRS,,,1,0,47391,132,1,,,,,,,
8/11/21,2021,SC,SRS,,,1,0,47391,132,1,,,2,,,,
12/18/20,2020,SC,SRS,,,,0,47435,133,1,,1,,,,,
12/18/20,2020,SC,SRS,,,,0,47404,134,1,,,,,,,
12/18/20,2020,SC,SRS,,,,0,47405,135,1,,,,,,,
1/1/21,2021,SC,SRS,,,1,0,47405,135,1,,,,,,,
2/11/21,2021,SC,SRS,,,1,0,47405,135,1,,1,,,,,
12/18/20,2020,SC,SRS,,,,0,47396,136,1,,,,,,,
1/1/21,2021,SC,SRS,,,1,0,47396,136,1,,,,,,,
4/2/21,2021,SC,SRS,,,1,0,47396,136,1,,1,,,,,
12/18/20,2020,SC,SRS,,,,,47410,137,1,,,,,,,
1/1/21,2021,SC,SRS,,,1,0,47410,137,1,,,,,,,
6/8/21,2021,SC,SRS,,,1,0,47410,137,1,,,1,,1,,
12/18/20,2020,SC,SRS,,,,0,47423,138,1,,,,,,,
1/1/21,2021,SC,SRS,,,1,0,47423,138,1,,,,,,,
2/10/21,2021,SC,SRS,,,1,0,47423,138,1,,,,,,,
12/18/20,2021,SC,SRS,,,0,1,,139,1,,,,,,,
1/29/25,2025,SC,SRS,,,0,0,15418,139,1,1,,,,,,
12/18/20,2021,SC,SRS,,,,0,47388,140,1,,,,,,,
1/1/21,2021,SC,SRS,,,1,0,47388,140,1,,,,,,,
9/3/21,2021,SC,SRS,,,1,0,47388,140,0,,,1,,,,
12/18/20,2021,SC,SRS,,,,0,47393,141,1,,1,,,,,
1/5/21,2021,SC,SRS,,,1,1,47433,142,1,,,,,,,
4/5/21,2021,SC,SRS,,,1,1,47433,142,1,,1,,,,,
1/29/25,2025,SC,SRS,,,1,0,15466,142,1,,,,,,,
2/27/25,2025,SC,SRS,,,1,0,15466,142,0,,,,,,,
1/9/21,2021,SC,SRS,,,0,1,,143,1,,,,,,,
2/14/25,2025,SC,SRS,,,1,0,15460,143,1,,,,,,,
7/24/25,2025,SC,SRS,,,1,0,15460,143,1,,,2,,,,
1/9/21,2021,SC,SRS,,,0,1,,144,1,,,,,,,
1/9/21,2021,SC,SRS,,,0,1,,145,1,,,,,,,
2/14/25,2025,SC,SRS,,,1,0,15459,145,1,,,,,,,
7/24/25,2025,SC,SRS,,,1,0,15459,145,1,,,1,,1,,
1/30/21,2021,SC,SRS,,,1,0,47465,146,1,,,,,,,
12/13/21,2021,SC,SRS,,,1,0,47465,146,1,,,1,,,,
1/9/21,2021,SC,SRS,,,0,1,,147,1,,,,,,,
2/14/25,2025,SC,SRS,,,1,0,15465,147,1,,,,,,,
3/19/25,2025,SC,SRS,,,1,0,15465,147,0,,,,,,,
1/25/22,2022,SC,SRS,,,1,1,10254,148,1,,,,,,,
4/27/22,2022,SC,SRS,,,1,1,10254,148,0,,,,,,,1
1/9/21,2021,SC,SRS,,,0,1,,149,1,,,,,,,
2/17/25,2025,SC,SRS,,,1,0,15462,149,1,,,,,,,
7/24/25,2025,SC,SRS,,,1,0,15462,149,1,,,1,,1,,
1/9/21,2021,SC,SRS,,,0,1,,150,1,,,,,,,
2/5/20,2020,SC,SRS,,,1,1,61307,162,1,,,,,,,
8/6/20,2020,SC,SRS,,,1,1,61307,162,1,,,,,,,
2/5/20,2020,SC,SRS,,,1,1,61243,163,1,,,,,,,
8/6/20,2020,SC,SRS,,,1,1,61243,163,1,,,,,,,
2/5/20,2020,SC,SRS,,,1,1,61299,164,1,1,,,,,,
2/11/20,2020,SC,SRS,,,1,1,61242,165,1,,,,,,,
8/6/20,2020,SC,SRS,,,1,1,61242,165,1,,,,,,,
2/11/20,2020,SC,SRS,,,1,1,61311,166,1,,,,,,,
8/6/20,2020,SC,SRS,,,1,1,61311,166,1,,,,,,,
2/6/21,2021,SC,SRS,,,1,1,61278,167,1,,,,,,,
5/11/21,2021,SC,SRS,,,1,1,61278,167,1,,1,,,,,
1/25/22,2022,SC,SRS,,,1,1,10243,167,1,,,,,,,
2/18/22,2022,SC,SRS,,,1,1,10243,167,0,,,,,,,
2/11/20,2020,SC,SRS,,,1,1,61297,168,1,,,,,,,
8/6/20,2020,SC,SRS,,,1,1,61297,168,1,,,,,,,
1/20/21,2021,SC,SRS,,,1,1,47430,168,1,,,,,,,
3/19/21,2021,SC,SRS,,,1,1,47430,168,0,,,,,,,
2/12/20,2020,SC,SRS,,,1,1,61289,169,1,,,,,,,
8/6/20,2020,SC,SRS,,,1,1,61289,169,1,,,,,,,
9/17/20,2020,SC,SRS,,,1,1,61289,169,0,,,,,,,
2/12/20,2020,SC,SRS,,,1,1,61308,170,1,,,,,,,
6/23/20,2020,SC,SRS,,,1,1,61308,170,0,,,,,,,
3/11/20,2020,SC,SRS,,,1,1,61303,172,1,,,,,,,
8/6/20,2020,SC,SRS,,,1,1,61303,172,1,,,,,,,
3/11/20,2020,SC,SRS,,,1,1,61241,173,1,,,,,,,
8/6/20,2020,SC,SRS,,,1,1,61241,173,1,,,,,,,
6/4/20,2020,SC,SRS,,,1,1,61240,174,1,,,,,,,
2/14/24,2024,SC,SRS,,,1,1,13913,174,1,,,,,,,
3/25/24,2024,SC,SRS,,,1,1,13913,174,1,,,,,,,
6/4/20,2020,SC,SRS,,,1,1,61280,175,1,,,,,,,
6/5/20,2020,SC,SRS,,,0,1,61245,176,1,,,,,,,
6/8/20,2020,SC,SRS,,,1,1,61238,177,1,,1,,,,,
6/10/20,2020,SC,SRS,,,1,1,61275,178,1,,1,,,,,
1/16/21,2021,SC,SRS,,,1,1,47429,178,1,,,,,,,
4/12/21,2021,SC,SRS,,,1,1,47429,178,1,,1,,,,,
12/10/20,2021,SC,SRS,,,1,1,47402,179,1,,1,,,,,
12/13/20,2020,SC,SRS,,,1,1,47418,180,1,,,,,,,
1/1/21,2021,SC,SRS,,,1,1,47418,180,1,,,,,,,
8/3/21,2021,SC,SRS,,,1,1,47418,180,1,,,,,,,
12/18/20,2020,SC,SRS,,,,0,47434,181,1,,,,,,,
1/1/21,2021,SC,SRS,,,1,0,47434,181,1,,,,,,,
3/16/21,2021,SC,SRS,,,1,0,47434,181,1,,1,,,,,
1/17/24,2024,SC,SRS,,,1,0,13616,181,1,,,,,,,
6/24/24,2024,SC,SRS,,,1,0,13616,181,1,,,1,,,,
1/9/21,2021,SC,SRS,,,0,1,,182,1,,,,,,,
1/11/21,2021,SC,SRS,,,1,1,47403,183,1,,,,,,,
8/3/21,2021,SC,SRS,,,1,1,47403,183,1,,,,,,,
1/11/21,2021,SC,SRS,,,1,1,47401,184,1,,,,,,,
12/13/21,2021,SC,SRS,,,1,1,47401,184,1,,,,,,,
1/30/21,2021,SC,SRS,,,1,0,47491,186,1,,,,,,,
7/15/21,2021,SC,SRS,,,1,0,47491,186,1,,,1,,,,
1/11/21,2021,SC,SRS,,,1,1,47399,187,1,,1,,,,,
1/11/21,2021,SC,SRS,,,1,1,47407,188,1,,,,,,,
3/15/21,2021,SC,SRS,,,1,1,47407,188,1,,1,,,,,
1/11/21,2021,SC,SRS,,,1,1,47409,189,1,,,,,,,
8/3/21,2021,SC,SRS,,,1,1,47409,189,1,,,,,,,
1/11/21,2021,SC,SRS,,,1,1,47417,190,1,,,,,,,
8/3/21,2021,SC,SRS,,,1,1,47417,190,1,,,,,,,
1/12/21,2021,SC,SRS,,,1,1,47431,191,1,,,,,,,
3/17/21,2021,SC,SRS,,,1,1,47431,191,1,,1,,,,,
1/12/21,2021,SC,SRS,,,1,1,47420,192,1,,,,,,,
2/17/21,2021,SC,SRS,,,1,1,47420,192,1,,1,,,,,
1/16/21,2021,SC,SRS,,,1,1,47397,193,1,,,,,,,
3/19/21,2021,SC,SRS,,,1,1,47397,193,0,,,,,,,
1/16/21,2021,SC,SRS,,,1,1,47411,194,1,,,,,,,
2/23/21,2021,SC,SRS,,,1,1,47411,194,1,,1,,,,,
1/16/21,2021,SC,SRS,,,1,0,47415,195,1,,,,,,,
2/9/21,2021,SC,SRS,,,1,0,47415,195,1,,1,,,,,
1/30/21,2021,SC,SRS,,,1,0,47426,196,1,,1,,,,,
1/20/21,2021,SC,SRS,,,1,1,47427,197,1,,,,,,,
8/3/21,2021,SC,SRS,,,1,1,47427,197,0,,,,,,,
1/30/21,2021,SC,SRS,,,1,0,47406,198,1,,1,,,,,
1/30/21,2021,SC,SRS,,,1,0,47395,199,1,,,,,,,
8/11/21,2021,SC,SRS,,,1,0,47395,199,1,,,3,,,,
1/30/21,2021,SC,SRS,,,1,0,47439,200,1,,,,,,,
5/4/21,2021,SC,SRS,,,1,0,47439,200,0,,,0,,,,
6/16/20,2020,SC,SRS,,,0,0,61246,323,1,,,,,,,
12/1/20,2020,SC,SRS,,,0,0,61246,323,1,,1,,,,,
1/30/21,2021,SC,SRS,,,1,0,47389,323,1,,,,,,,
10/29/21,2021,SC,SRS,,,1,0,47389,323,1,,1,2,,,,
1/14/22,2022,SC,SRS,,,1,0,9495,323,1,,,,,,,
1/14/22,2022,SC,SRS,,,1,0,9495,323,1,,,,,,,
5/24/22,2022,SC,SRS,,,1,0,9495,323,1,,1,1,,1,,
6/15/20,2020,SC,SRS,,,0,0,61300,324,1,,,,,,,
7/16/20,2020,SC,SRS,,,0,0,61300,324,0,,,NA,,NA,,
6/16/20,2020,SC,SRS,,,0,0,61263,325,1,,,,,,,
12/31/20,2020,SC,SRS,,,0,0,61263,325,1,,,,,,,
1/1/21,2021,SC,SRS,,,1,0,61263,325,1,,,,,,,
5/31/21,2021,SC,SRS,,,1,0,61263,325,1,,1,,,,,
6/16/20,2020,SC,SRS,,,0,0,61312,328,1,,,,,,,
12/31/20,2020,SC,SRS,,,0,0,61312,328,1,,,,,,,
1/1/21,2021,SC,SRS,,,1,0,61312,328,1,,,,,,,
5/14/21,2021,SC,SRS,,,1,0,61312,328,1,,1,,,,,
1/14/22,2022,SC,SRS,,,1,0,9507,328,1,,,,,,,
5/25/22,2022,SC,SRS,,,1,0,9507,328,0,,,1,,,,
6/15/20,2020,SC,SRS,,,0,0,61295,367,1,,,NA,,NA,,
6/15/20,2020,SC,SRS,,,0,0,61310,370,1,,,,,,,
12/31/20,2020,SC,SRS,,,0,0,61310,370,1,,,NA,,NA,,
1/1/21,2021,SC,SRS,,,1,0,61310,370,1,,,,,,,
5/7/21,2021,SC,SRS,,,1,0,61310,370,1,,1,NA,,NA,,
3/2/25,2025,SC,SRS,,,1,0,13959,407,1,,,,,,,
7/29/25,2025,SC,SRS,,,1,0,13959,407,1,,,3,,1,,
2/9/24,2024,SC,SRS,,,0,0,13901,412,1,,,,,,,
12/31/24,2024,SC,SRS,,,0,0,13901,412,1,,,0,,,,
1/1/25,2025,,,,,1,0,13901,412,1,,,,,,,
3/4/25,2025,,,,,1,0,13901,412,0,,,,,,,
2/9/24,2024,SC,SRS,,,1,0,13905,413,1,,,,,,,
12/31/24,2024,SC,SRS,,,1,0,13905,413,1,,,0,,,,
1/1/25,2025,,,,,1,0,13905,413,1,,,,,,,
5/10/25,2025,,,,,1,0,13905,413,1,,,1,,1,1,
2/9/24,2024,SC,SRS,,,0,0,13900,414,1,,,,,,,
3/14/24,2024,SC,SRS,,,0,0,13900,414,1,,1,,,,,
2/9/24,2024,SC,SRS,,,1,0,13907,415,1,,,,,,,
6/18/24,2024,SC,SRS,,,1,0,13907,415,1,,,0,,,,
2/9/24,2024,SC,SRS,,,0,0,13899,416,1,,,,,,,
4/9/24,2024,SC,SRS,,,0,0,13899,416,0,,,0,,,,
1/31/24,2024,SC,SRS,,,0,0,13627,417,1,,,,,,,
6/12/24,2024,SC,SRS,,,0,0,13627,417,0,,,1,,1,1,
2/7/24,2024,SC,SRS,,,0,0,13910,419,1,,,,,,,
5/27/24,2024,SC,SRS,,,0,0,13910,419,0,,,1,,1,1,
1/30/24,2024,SC,SRS,,,1,0,13532,420,1,,,,,,,
12/31/24,2024,SC,SRS,,,1,0,13532,420,1,,,2,,,,
1/1/25,2025,,,,,1,0,13532,420,1,,,,,,,
4/29/25,2025,,,,,1,0,13532,420,0,,,1,1,,,
1/30/24,2024,SC,SRS,,,1,0,13610,421,1,1,,,,,,
1/30/24,2024,SC,SRS,,,0,0,13612,422,1,,,,,,,
12/31/24,2024,SC,SRS,,,0,0,13612,422,1,,,0,,,,
1/1/25,2025,,,,,1,0,13612,422,1,,,,,,,
7/9/25,2025,,,,,1,0,13612,422,1,,,2,,,,
1/15/25,2025,SC,SRS,,,1,0,15467,423,1,,,,,,,
7/28/25,2025,SC,SRS,,,1,0,15467,423,1,,,1,,1,,
1/15/25,2025,SC,SRS,,,1,0,15453,424,1,,,,,,,
7/24/25,2025,SC,SRS,,,1,0,15453,424,1,,,2,,,,
2/7/24,2024,SC,SRS,,,0,0,13892,425,1,,,,,,,
4/30/24,2024,SC,SRS,,,0,0,13892,425,0,,,1,1,,,
2/7/24,2024,SC,SRS,,,1,0,13911,426,1,,,,,,,
7/8/24,2024,SC,SRS,,,1,0,13911,426,1,,,1,,,,
2/9/24,2024,SC,SRS,,,0,0,13898,427,1,,,,,,,
12/31/24,2024,SC,SRS,,,0,0,13898,427,1,,,1,,,,
1/1/25,2025,,,,,1,0,13898,427,1,,,,,,,
5/5/25,2025,,,,,1,0,13898,427,1,,1,1,,,,
1/17/24,2024,SC,SRS,,,1,0,13618,428,1,,,,,,,
2/8/24,2024,SC,SRS,,,1,0,13618,428,0,,,,,,,
1/17/24,2024,SC,SRS,,,1,0,13629,429,1,,,,,,,
12/31/24,2024,SC,SRS,,,1,0,13629,429,1,,,1,,1,,
1/1/25,2025,,,,,1,0,13629,429,1,,,,,,,
7/28/25,2025,,,,,1,0,13629,429,1,,,3,,,,
2/7/24,2024,SC,SRS,,,0,0,13914,430,1,,,,,,,
5/18/24,2024,SC,SRS,,,0,0,13914,430,0,,,0,,,,
2/7/24,2024,SC,SRS,,,1,0,13906,431,1,,,,,,,
12/31/24,2024,SC,SRS,,,1,0,13906,431,1,,,2,,,,
1/1/25,2025,,,,,1,0,13906,431,1,,,,,,,
7/28/25,2025,,,,,1,0,13906,431,1,,,1,,1,,
1/15/24,2024,SC,SRS,,,1,0,13615,432,1,,,,,,,
5/20/24,2024,SC,SRS,,,1,0,13615,432,0,,,1,,,,
1/15/24,2024,SC,SRS,,,1,0,13613,433,1,,,,,,,
12/31/24,2024,SC,SRS,,,1,0,13613,433,1,,,1,,,,
1/1/25,2025,,,,,1,0,13613,433,1,,,,,,,
2/24/25,2025,,,,,1,0,13613,433,0,,,,,,,
1/15/25,2025,SC,SRS,,,1,0,15448,434,1,,,,,,,
7/28/25,2025,SC,SRS,,,1,0,15448,434,1,,,3,,1,,
1/15/24,2024,SC,SRS,,,0,0,13606,435,1,,,,,,,
5/5/24,2024,SC,SRS,,,0,0,13606,435,0,,,1,1,,,
1/15/24,2024,SC,SRS,,,1,0,13625,436,1,,,,,,,
5/27/24,2024,SC,SRS,,,1,0,13625,436,0,,,1,,1,,
1/15/24,2024,SC,SRS,,,0,0,13605,437,1,,,,,,,
5/10/24,2024,SC,SRS,,,0,0,13605,437,0,,,1,1,,,
1/13/24,2024,SC,SRS,,,0,0,13635,438,1,,,,,,,
12/31/24,2024,SC,SRS,,,0,0,13635,438,1,,,1,,,,
1/1/25,2025,,,,,1,0,13635,438,1,,,,,,,
7/8/25,2025,,,,,1,0,13635,438,1,,,1,,,,
1/15/25,2025,SC,SRS,,,1,0,15450,439,1,,,,,,,
7/29/25,2025,SC,SRS,,,1,0,15450,439,1,,,3,,,,
1/13/24,2024,SC,SRS,,,1,0,13633,440,1,,,,,,,
12/31/24,2024,SC,SRS,,,1,0,13633,440,1,,,1,,,,
1/1/25,2025,,,,,1,0,13633,440,1,,,,,,,
6/26/25,2025,,,,,1,0,13633,440,1,,1,3,,,,
3/2/25,2025,SC,SRS,,,1,0,13945,441,1,,,,,,,
7/29/25,2025,SC,SRS,,,1,0,13945,441,1,,,2,,,,
1/13/24,2024,SC,SRS,,,1,0,13639,442,1,,,,,,,
4/9/24,2024,SC,SRS,,,1,0,13639,442,0,,,1,1,,,
1/31/24,2024,SC,SRS,,,1,0,13632,443,1,,,,,,,
12/31/24,2024,SC,SRS,,,1,0,13632,443,1,,,0,,,,
1/1/25,2025,,,,,1,0,13632,443,1,,,,,,,
1/28/25,2025,,,,,1,0,13632,443,0,,,,,,,
1/15/25,2025,SC,SRS,,,0,0,15449,444,1,,,,,,,
7/28/25,2025,SC,SRS,,,0,0,15449,444,1,,,1,,1,,
1/10/24,2024,SC,SRS,,,0,0,13608,445,1,,,,,,,
4/15/24,2024,SC,SRS,,,0,0,13608,445,0,,,0,,,,
1/10/24,2024,SC,SRS,,,1,0,13624,446,1,,,,,,,
12/31/24,2024,SC,SRS,,,1,0,13624,446,1,,,1,,,,
1/1/25,2025,,,,,1,0,13624,446,1,,,,,,,
7/20/25,2025,,,,,1,0,13624,446,1,,,3,,1,,
1/15/25,2025,SC,SRS,,,1,0,15469,448,1,,,,,,,
5/27/25,2025,SC,SRS,,,1,0,15469,448,1,,,2,,,,
1/13/24,2024,SC,SRS,,,0,0,13609,449,1,,,,,,,
12/31/24,2024,SC,SRS,,,0,0,13609,449,1,,,0,,,,
1/1/25,2025,,,,,1,0,13609,449,1,,,,,,,
6/25/25,2025,,,,,1,0,13609,449,1,,1,0,,,,
1/15/25,2025,SC,SRS,,,1,0,15421,450,1,,,,,,,
7/24/25,2025,SC,SRS,,,1,0,15421,450,1,,,2,,,,
1/28/23,2023,SC,SRS,,,1,0,11212,451,1,,,,,,,
12/31/23,2023,SC,SRS,,,1,0,11212,451,1,,,1,,1,,
1/10/24,2024,SC,SRS,,,1,0,13617,451,1,,,,,,,
4/13/24,2024,SC,SRS,,,1,0,13617,451,0,,,0,,,,
1/28/23,2023,SC,SRS,,,1,0,11215,452,1,,,,,,,
6/8/23,2023,SC,SRS,,,1,0,11215,452,0,,,1,,1,,
1/28/23,2023,SC,SRS,,,1,0,11202,453,1,,,,,,,
6/3/23,2023,SC,SRS,,,1,0,11202,453,0,,,1,,1,1,
1/28/23,2023,SC,SRS,,,1,0,11210,454,1,,,,,,,
12/31/23,2023,SC,SRS,,,1,0,11210,454,1,,,1,,1,,
1/1/24,2024,SC,SRS,,,1,0,11210,454,1,,,,,,,
4/11/24,2024,SC,SRS,,,1,0,11210,454,0,,,0,,,,
1/28/23,2023,SC,SRS,,,1,0,11205,455,1,,,,,,,
4/22/23,2023,SC,SRS,,,1,0,11205,455,0,,,1,1,,,
1/28/23,2023,SC,SRS,,,0,0,11221,456,1,,,,,,,
12/31/23,2023,SC,SRS,,,0,0,11221,456,1,,,3,,,,
1/1/24,2024,SC,SRS,,,1,0,11221,456,1,,,,,,,
1/30/24,2024,SC,SRS,,,1,0,11221,456,0,,,,,,,
1/28/23,2023,SC,SRS,,,1,0,11222,457,1,,,,,,,
12/31/23,2023,SC,SRS,,,1,0,11222,457,1,,,1,,1,,
1/1/24,2024,SC,SRS,,,1,0,11222,457,1,,,,,,,
3/26/24,2024,SC,SRS,,,1,0,11222,457,1,,,,,,,
1/11/24,2024,SC,SRS,,,1,0,13603,458,1,,,,,,,
12/31/24,2024,SC,SRS,,,1,0,13603,458,1,,,2,,1,,
1/1/25,2025,,,,,1,0,13603,458,1,,,,,,,
4/26/25,2025,,,,,1,0,13603,458,0,,,1,1,,,
2/2/23,2023,SC,SRS,,,1,0,11209,459,1,,,,,,,
4/6/23,2023,SC,SRS,,,1,0,11209,459,0,,,1,1,,,
2/2/23,2023,SC,SRS,,,1,0,11217,460,1,,,,,,,
12/31/23,2023,SC,SRS,,,1,0,11217,460,1,,,2,,1,,
1/1/24,2024,SC,SRS,,,1,0,11217,460,1,,,,,,,
4/1/24,2024,SC,SRS,,,1,0,11217,460,1,,1,,,,,
1/11/24,2024,SC,SRS,,,0,0,13604,461,1,,,,,,,
12/31/24,2024,SC,SRS,,,0,0,13604,461,1,,,1,,,,
1/1/25,2025,,,,,1,0,13604,461,1,,,,,,,
7/13/25,2025,,,,,1,0,13604,461,1,,,2,,,,
2/2/23,2023,SC,SRS,,,1,0,11564,462,1,,,,,,,
12/31/23,2023,SC,SRS,,,1,0,11564,462,1,,,1,,,,
1/1/24,2024,SC,SRS,,,1,0,11564,462,1,,,,,,,
4/1/24,2024,SC,SRS,,,1,0,11564,462,1,,1,,,,,
2/4/23,2023,SC,SRS,,,1,0,11541,463,1,1,,,,,,
2/4/23,2023,SC,SRS,,,0,0,11553,464,1,,,,,,,
12/31/23,2023,SC,SRS,,,0,0,11553,464,1,,,1,,1,,
1/1/24,2024,SC,SRS,,,1,0,11553,464,1,,,,,,,
5/14/24,2024,SC,SRS,,,1,0,11553,464,1,,,,,,,
2/4/23,2023,SC,SRS,,,1,0,11565,465,1,,,,,,,
12/31/23,2023,SC,SRS,,,1,0,11565,465,1,,,1,,1,,
1/1/24,2024,SC,SRS,,,1,0,11565,465,1,,,,,,,
1/31/24,2024,SC,SRS,,,1,0,13621,465,1,,,,,,,
12/31/24,2024,SC,SRS,,,1,0,13621,465,1,,,1,,1,,
1/1/25,2025,,,,,1,0,13621,465,1,,,,,,,
7/16/25,2025,,,,,1,0,13621,465,1,,,1,,,,
2/6/23,2023,SC,SRS,,,1,0,11213,466,1,,,,,,,
4/20/23,2023,SC,SRS,,,1,0,11213,466,1,,1,1,,1,,
2/6/23,2023,SC,SRS,,,1,0,11552,468,1,,,,,,,
12/31/23,2023,SC,SRS,,,1,0,11552,468,1,,,1,,1,,
1/1/24,2024,SC,SRS,,,1,0,11552,468,1,,,,,,,
4/10/24,2024,SC,SRS,,,1,0,11552,468,1,,,1,,1,,
2/6/23,2023,SC,SRS,,,1,0,11547,469,1,,,,,,,
12/31/23,2023,SC,SRS,,,1,0,11547,469,1,,,2,,,,
1/1/24,2024,SC,SRS,,,1,0,11547,469,1,,,,,,,
4/10/24,2024,SC,SRS,,,1,0,11547,469,1,,,0,,,,
2/6/23,2023,SC,SRS,,,1,0,11211,470,1,,,,,,,
12/31/23,2023,SC,SRS,,,1,0,11211,470,1,,,3,,1,,
1/1/24,2024,SC,SRS,,,1,0,11211,470,1,,,,,,,
1/17/24,2024,SC,SRS,,,1,0,11211,470,1,,,,,,,
1/17/24,2024,SC,SRS,,,1,0,13622,470,1,,,,,,,
4/24/24,2024,SC,SRS,,,1,0,13622,470,0,,,0,,,,
2/6/23,2023,SC,SRS,,,1,0,11544,471,1,,,,,,,
12/31/23,2023,SC,SRS,,,1,0,11544,471,1,,,2,,1,,
1/1/24,2024,SC,SRS,,,1,0,11544,471,1,,,,,,,
4/15/24,2024,SC,SRS,,,1,0,11544,471,1,,1,1,,,,
2/17/25,2025,SC,SRS,,,1,0,15464,471,1,,,,,,,
4/10/25,2025,SC,SRS,,,1,0,15464,471,1,,1,,,,,
2/7/23,2023,SC,SRS,,,1,0,11561,472,1,,,,,,,
12/31/23,2023,SC,SRS,,,1,0,11561,472,1,,,1,,,,
1/1/24,2024,SC,SRS,,,1,0,11561,472,1,,,,,,,
2/26/24,2024,SC,SRS,,,1,0,11561,472,1,,1,,,,,
2/7/23,2023,SC,SRS,,,1,0,11562,473,1,1,,,,,,
2/7/23,2023,SC,SRS,,,1,0,11545,474,1,,,,,,,
4/4/23,2023,SC,SRS,,,1,0,11545,474,1,,,0,,,,
2/7/23,2023,SC,SRS,,,1,0,11563,475,1,,,,,,,
8/5/23,2023,SC,SRS,,,1,0,11563,475,1,,,2,,,,
2/7/23,2023,SC,SRS,,,1,0,11559,476,1,,1,,,,,
2/7/23,2023,SC,SRS,,,1,0,11551,477,1,1,,,,,,
2/7/23,2023,SC,SRS,,,1,0,11546,478,1,,,,,,,
4/21/23,2023,SC,SRS,,,1,0,11546,478,0,,,1,1,,,
2/7/23,2023,SC,SRS,,,1,0,11223,479,1,,,,,,,
12/31/23,2024,SC,SRS,,,1,0,11223,479,1,,,1,,1,,
1/1/24,2024,SC,SRS,,,1,0,11223,479,1,,,,,,,
7/3/24,2024,SC,SRS,,,1,0,11223,479,1,,,1,,1,,
2/27/23,2023,SC,SRS,,,1,0,11539,480,1,,,,,,,
12/31/23,2023,SC,SRS,,,1,0,11539,480,1,,,1,,1,,
1/1/24,2024,SC,SRS,,,1,0,11539,480,1,,,,,,,
4/14/24,2024,SC,SRS,,,1,0,11539,480,1,,,,,,,
2/7/23,2023,SC,SRS,,,1,0,11219,481,1,1,,,,,,
2/7/23,2023,SC,SRS,,,1,0,11540,482,1,,,,,,,
7/27/23,2023,SC,SRS,,,1,0,11540,482,1,,,1,,,,
2/7/23,2023,SC,SRS,,,1,0,11560,483,1,1,,,,,,
2/27/23,2023,SC,SRS,,,1,0,11225,484,1,,,,,,,
12/31/23,2023,SC,SRS,,,1,0,11225,484,1,,,1,,1,,
1/1/24,2024,SC,SRS,,,1,0,11225,484,1,,,,,,,
5/7/24,2024,SC,SRS,,,1,0,11225,484,1,,,,,,,
2/27/23,2023,SC,SRS,,,1,0,11542,485,1,,,,,,,
8/28/23,2023,SC,SRS,,,1,0,11542,485,0,,,2,,,,
2/27/23,2023,SC,SRS,,,1,0,11550,486,1,,,,,,,
6/5/23,2023,SC,SRS,,,1,0,11550,486,0,,,3,1,,,
1/15/25,2025,SC,SRS,,,1,0,15454,487,1,,,,,,,
6/3/25,2025,SC,SRS,,,1,0,15454,487,0,,,2,1,,,
1/15/25,2025,SC,SRS,,,1,0,15451,489,1,,,,,,,
7/28/25,2025,SC,SRS,,,1,0,15451,489,1,,,2,,1,,
2/17/25,2025,SC,SRS,,,1,0,13944,490,1,,,,,,,
7/28/25,2025,SC,SRS,,,1,0,13944,490,1,,,3,,,,
2/17/25,2025,SC,SRS,,,1,0,13943,491,1,,,,,,,
7/24/25,2025,SC,SRS,,,1,0,13943,491,1,,,2,,,,
2/17/25,2025,SC,SRS,,,1,0,11543,492,1,,,,,,,
7/24/25,2025,SC,SRS,,,1,0,11543,492,1,,,1,,1,,
2/20/25,2025,SC,SRS,,,1,0,13949,493,1,,,,,,,
5/6/25,2025,SC,SRS,,,1,0,13949,493,0,,,1,,1,1,
2/20/25,2025,SC,SRS,,,0,0,13953,494,1,,,,,,,
7/29/25,2025,SC,SRS,,,0,0,13953,494,1,,,2,,1,,
2/20/25,2025,SC,SRS,,,0,0,13958,495,1,,,,,,,
7/29/25,2025,,,,,0,0,13958,495,1,,,2,,1,,
2/20/25,2025,SC,SRS,,,0,0,13946,496,1,,,,,,,
7/24/25,2025,SC,SRS,,,0,0,13946,496,1,,,1,,,,
2/20/25,2025,SC,SRS,,,1,0,13939,497,1,,,,,,,
4/27/25,2025,SC,SRS,,,1,0,13939,497,1,,1,,,,,
2/20/25,2025,SC,SRS,,,1,0,13950,498,1,,,,,,,
7/24/25,2025,SC,SRS,,,1,0,13950,498,1,,,1,,1,,
2/25/25,2025,SC,SRS,,,1,0,13947,499,1,1,,,,,,
3/2/25,2025,SC,SRS,,,1,0,13942,500,1,,,,,,,
3/13/25,2025,SC,SRS,,,1,0,13942,500,0,,,,,,,
1/26/25,2025,SC,SRS,,,1,0,15461,551,1,,,,,,,
7/28/25,2025,SC,SRS,,,1,0,15461,551,1,,,2,,,,
1/26/25,2025,SC,SRS,,,0,1,13961,552,1,,,,,,,
4/10/25,2025,SC,SRS,,,0,1,13961,552,1,,1,,,,,
1/26/25,2025,SC,SRS,,,0,1,13957,553,1,,,,,,,
4/21/25,2025,SC,SRS,,,0,1,13957,553,1,,1,,,,,
1/28/25,2025,SC,SRS,,,1,1,15399,554,1,,,,,,,
7/29/25,2025,SC,SRS,,,1,1,15399,554,1,,,,,,,
1/28/25,2025,SC,SRS,,,1,1,15403,555,1,,,,,,,
7/29/25,2025,SC,SRS,,,1,1,15403,555,1,,,,,,,
1/28/25,2025,SC,SRS,,,1,1,15074,556,1,,,,,,,
5/7/25,2025,SC,SRS,,,1,1,15074,556,0,,,,,,,
1/29/25,2025,SC,SRS,,,0,1,13948,557,1,,,,,,,
7/14/25,2025,SC,SRS,,,0,1,13948,557,1,,,,,,,
2/7/25,2025,SC,SRS,,,1,1,15401,563,1,,,,,,,
7/24/25,2025,SC,SRS,,,1,1,15401,563,1,,,,,,,
2/17/25,2025,SC,SRS,,,0,1,13940,564,1,,,,,,,
7/28/25,2025,SC,SRS,,,0,1,13940,564,1,,,,,,,
2/17/25,2025,SC,SRS,,,0,1,13941,565,1,,,,,,,
7/28/25,2025,SC,SRS,,,0,1,13941,565,1,,,,,,,
2/17/25,2025,SC,SRS,,,1,1,15090,566,1,,,,,,,
7/28/25,2025,SC,SRS,,,1,1,15090,566,1,,,,,,,
2/17/25,2025,SC,SRS,,,1,1,15086,567,1,,,,,,,
7/28/25,2025,SC,SRS,,,1,1,15086,567,1,,,,,,,
2/17/25,2025,SC,SRS,,,1,1,15091,568,1,,,,,,,
3/23/25,2025,SC,SRS,,,1,1,15091,568,0,,,,,,,
2/24/25,2025,SC,SRS,,,1,1,15083,572,1,,,,,,,
7/24/25,2025,SC,SRS,,,1,1,15083,572,1,,,,,,,
2/28/25,2025,SC,SRS,,,1,1,15087,574,1,,,,,,,
7/24/25,2025,SC,SRS,,,1,1,15087,574,1,,,,,,,
2/28/25,2025,SC,SRS,,,1,1,15400,575,1,,1,,,,,
3/2/25,2025,SC,SRS,,,1,1,15080,576,1,,,,,,,
4/30/25,2025,SC,SRS,,,1,1,15080,576,0,,,,,,,1
3/2/25,2025,SC,SRS,,,1,1,15089,577,1,,,,,,,
7/29/25,2025,SC,SRS,,,1,1,15089,577,1,,,,,,,
1/11/23,2023,SC,SRS,,,0,1,11207,651,1,,,,,,,
7/9/23,2023,SC,SRS,,,0,1,11207,651,1,,,,,,,
1/11/23,2023,SC,SRS,,,0,1,11208,652,1,,,,,,,
12/31/23,2023,SC,SRS,,,0,1,11208,652,1,,,,,,,
1/1/24,2024,SC,SRS,,,0,1,11208,652,1,,,,,,,
3/19/24,2024,SC,SRS,,,0,1,11208,652,1,,1,,,,,
2/4/23,2023,SC,SRS,,,1,1,11548,653,1,,,,,,,
2/26/23,2023,SC,SRS,,,1,1,11548,653,0,,,,,,,
2/4/23,2023,SC,SRS,,,1,1,11226,654,1,,,,,,,
12/31/23,2023,SC,SRS,,,1,1,11226,654,1,,,,,,,
1/1/24,2024,SC,SRS,,,1,1,11226,654,1,,,,,,,
3/19/24,2024,SC,SRS,,,1,1,11226,654,1,,,,,,,
1/8/24,2024,SC,SRS,,,1,1,13611,656,1,,,,,,,
12/31/24,2024,SC,SRS,,,1,1,13611,656,1,,,,,,,
1/1/25,2025,,,,,1,1,13611,656,1,,,,,,,
7/9/25,2025,,,,,1,1,13611,656,1,,1,,,,,
1/8/24,2024,SC,SRS,,,1,1,13531,657,1,,,,,,,
12/31/24,2024,SC,SRS,,,1,1,13531,657,1,,,,,,,
1/1/25,2025,,,,,1,1,13531,657,1,,,,,,,
7/9/25,2025,,,,,1,1,13531,657,1,,1,,,,,
3/11/23,2023,SC,SRS,,,0,1,11229,658,1,,,,,,,
10/4/23,2023,SC,SRS,,,0,1,11229,658,0,,,,,,,
2/19/23,2023,SC,SRS,,,1,1,11216,659,1,,,,,,,
12/31/23,2023,SC,SRS,,,1,1,11216,659,1,,,,,,,
1/1/24,2024,SC,SRS,,,1,1,11216,659,1,,,,,,,
3/25/24,2024,SC,SRS,,,1,1,11216,659,1,,,,,,,
2/19/23,2023,SC,SRS,,,1,1,11224,660,1,,,,,,,
12/31/23,2023,SC,SRS,,,1,1,11224,660,1,,,,,,,
1/1/24,2024,SC,SRS,,,1,1,11224,660,1,,,,,,,
4/1/24,2024,SC,SRS,,,1,1,11224,660,1,,,,,,,
2/19/23,2023,SC,SRS,,,1,1,11567,661,1,,,,,,,
5/15/23,2023,SC,SRS,,,1,1,11567,661,0,,,,,,,
3/11/23,2023,SC,SRS,,,0,1,11230,662,1,,,,,,,
12/31/23,2023,SC,SRS,,,0,1,11230,662,1,,,,,,,
1/1/24,2024,SC,SRS,,,0,1,11230,662,1,,,,,,,
1/6/24,2024,SC,SRS,,,0,1,11230,662,0,,,,,,,
1/8/24,2024,SC,SRS,,,1,1,13534,663,1,,,,,,,
12/31/24,2024,SC,SRS,,,1,1,13534,663,1,,,,,,,
1/1/25,2025,,,,,1,1,13534,663,1,,,,,,,
7/9/25,2025,,,,,1,1,13534,663,1,,1,,,,,
3/11/23,2023,SC,SRS,,,0,1,11813,664,1,,,,,,,
9/28/23,2023,SC,SRS,,,0,1,11813,664,1,,,,,,,
3/14/23,2023,SC,SRS,,,1,1,11497,665,1,,,,,,,
12/31/23,2023,SC,SRS,,,1,1,11497,665,1,,,,,,,
2/8/24,2024,SC,SRS,,,1,1,13895,665,1,,,,,,,
4/29/24,2024,SC,SRS,,,1,1,13895,665,1,,1,,,,,
3/14/23,2023,SC,SRS,,,1,1,11537,666,1,,,,,,,
12/31/23,2023,SC,SRS,,,1,1,11537,666,1,,,,,,,
1/1/24,2024,SC,SRS,,,1,1,11537,666,1,,,,,,,
12/31/24,2024,SC,SRS,,,1,1,11537,666,1,,,,,,,
1/1/25,2025,SC,SRS,,,1,1,11537,666,1,,,,,,,
3/21/25,2025,SC,SRS,,,1,1,11537,666,1,,1,,,,,
3/14/23,2023,SC,SRS,,,1,1,11536,667,1,,,,,,,
12/31/23,2023,SC,SRS,,,1,1,11536,667,1,,,,,,,
1/1/24,2024,SC,SRS,,,1,1,11536,667,1,,,,,,,
8/20/24,2024,SC,SRS,,,1,1,11536,667,1,,,,,,,
3/14/23,2023,SC,SRS,,,1,1,11529,668,1,,,,,,,
12/31/23,2023,SC,SRS,,,1,1,11529,668,1,,,,,,,
1/1/24,2024,SC,SRS,,,1,1,11529,668,1,,,,,,,
2/8/24,2024,SC,SRS,,,1,1,13912,668,1,,,,,,,
6/25/24,2024,SC,SRS,,,1,1,13912,668,1,,,,,,,
12/31/24,2024,SC,SRS,,,1,1,13912,668,1,,,,,,,
1/1/25,2025,SC,SRS,,,1,1,13912,668,1,,,,,,,
3/6/25,2025,SC,SRS,,,1,1,13912,668,1,,1,,,,,
1/8/24,2024,SC,SRS,,,1,1,13530,670,1,,,,,,,
6/17/24,2024,SC,SRS,,,1,1,13530,670,1,,,,,,,
1/8/24,2024,SC,SRS,,,1,1,13373,671,1,,,,,,,
12/31/24,2024,SC,SRS,,,1,1,13373,671,1,,,,,,,
1/1/25,2025,,,,,1,1,13373,671,1,,,,,,,
7/9/25,2025,,,,,1,1,13373,671,1,,1,,,,,
1/10/24,2024,SC,SRS,,,0,1,13636,673,1,,,,,,,
2/25/24,2024,SC,SRS,,,0,1,13636,673,1,,1,,,,,
1/17/24,2024,SC,SRS,,,0,1,13891,674,1,,,,,,,
4/17/24,2024,SC,SRS,,,0,1,13891,674,0,,,,,,,
1/17/24,2024,SC,SRS,,,0,1,13600,675,1,,,,,,,
6/10/24,2024,SC,SRS,,,0,1,13600,675,1,,,,,,,
1/30/24,2024,SC,SRS,,,0,1,13628,676,1,,,,,,,
6/24/24,2024,SC,SRS,,,0,1,13628,676,1,,,,,,,
1/13/24,2024,SC,SRS,,,0,1,13619,678,1,,1,,,,,
1/11/24,2024,SC,SRS,,,1,1,13637,679,1,,,,,,,
12/31/24,2024,SC,SRS,,,1,1,13637,679,1,,,,,,,
1/1/25,2025,,,,,1,1,13637,679,1,,,,,,,
4/14/25,2025,,,,,1,1,13637,679,0,,,,,,,
1/11/24,2024,SC,SRS,,,1,1,13631,681,1,,,,,,,
12/31/24,2024,SC,SRS,,,1,1,13631,681,1,,,,,,,
1/1/25,2025,,,,,1,1,13631,681,1,,,,,,,
7/24/25,2025,,,,,1,1,13631,681,1,,1,,,,,
1/11/24,2024,SC,SRS,,,1,1,13634,682,1,,,,,,,
12/31/24,2024,SC,SRS,,,1,1,13634,682,1,,,,,,,
1/1/25,2025,,,,,1,1,13634,682,1,,,,,,,
7/24/25,2025,,,,,1,1,13634,682,1,,1,,,,,
1/11/24,2024,SC,SRS,,,1,1,13626,683,1,1,,,,,,
1/19/24,2024,SC,SRS,,,1,1,13602,684,1,,,,,,,
7/10/24,2024,SC,SRS,,,1,1,13602,684,1,,,,,,,
1/11/24,2024,SC,SRS,,,0,1,13614,685,1,,,,,,,
2/9/24,2024,SC,SRS,,,0,1,13614,685,0,,,,,,,
1/19/24,2024,SC,SRS,,,1,1,13601,686,1,,,,,,,
12/31/24,2024,SC,SRS,,,1,1,13601,686,1,,,,,,,
1/1/25,2025,,,,,1,1,13601,686,1,,,,,,,
7/7/25,2025,,,,,1,1,13601,686,1,,1,,,,,
1/19/24,2024,SC,SRS,,,1,1,13533,687,1,,,,,,,
12/31/24,2024,SC,SRS,,,1,1,13533,687,1,,,,,,,
1/1/25,2025,,,,,1,1,13533,687,1,,,,,,,
7/7/25,2025,,,,,1,1,13533,687,1,,1,,,,,
1/31/24,2024,SC,SRS,,,0,1,13893,688,1,,,,,,,
7/10/24,2024,SC,SRS,,,0,1,13893,688,1,,,,,,,
2/9/25,2025,SC,SRS,,,1,1,15402,688,1,,,,,,,
7/24/25,2025,SC,SRS,,,1,1,15402,688,1,,,,,,,
1/31/24,2024,SC,SRS,,,0,1,13607,689,1,,,,,,,
7/10/24,2024,SC,SRS,,,0,1,13607,689,1,,,,,,,
2/9/25,2025,SC,SRS,,,1,1,15405,689,1,,,,,,,
7/24/25,2025,SC,SRS,,,1,1,15405,689,1,,,,,,,
1/31/24,2024,SC,SRS,,,0,1,13623,690,1,,,,,,,
7/10/24,2024,SC,SRS,,,0,1,13623,690,1,,,,,,,
2/9/25,2025,SC,SRS,,,1,1,15404,690,1,,,,,,,
7/24/25,2025,SC,SRS,,,1,1,15404,690,1,,,,,,,
2/7/24,2024,SC,SRS,,,0,1,13897,691,1,,,,,,,
12/31/24,2024,SC,SRS,,,0,1,13897,691,1,,,,,,,
1/1/25,2025,,,,,1,1,13897,691,1,,,,,,,
7/8/25,2025,,,,,1,1,13897,691,1,,,,,,,
2/14/24,2024,SC,SRS,,,1,1,13894,692,1,,,,,,,
5/15/24,2024,SC,SRS,,,1,1,13894,692,0,,,,,,,
2/14/24,2024,SC,SRS,,,1,1,13896,693,1,,,,,,,
12/31/24,2024,SC,SRS,,,1,1,13896,693,1,,,,,,,
1/1/25,2025,,,,,1,1,13896,693,1,,,,,,,
7/28/25,2025,,,,,1,1,13896,693,1,,1,,,,,
2/9/24,2024,SC,SRS,,,0,1,13902,694,1,,,,,,,
7/10/24,2024,SC,SRS,,,0,1,13902,694,1,,,,,,,
2/9/24,2024,SC,SRS,,,0,1,13909,695,1,,,,,,,
12/31/24,2024,SC,SRS,,,0,1,13909,695,1,,,,,,,
1/1/25,2025,,,,,1,1,13909,695,1,,,,,,,
3/20/25,2025,,,,,1,1,13909,695,0,,,,,,,
1/20/25,2025,SC,SRS,,,1,1,15400,696,1,1,,,,,,
1/26/25,2025,SC,SRS,,,1,0,15468,132b,1,,,,,,,
7/29/25,2025,SC,SRS,,,1,0,15468,132b,1,,,1,,1,,
1/26/25,2025,SC,SRS,,,0,0,15463,133b,1,,,,,,,
5/6/25,2025,SC,SRS,,,0,0,15463,133b,0,,,1,1,,,
1/26/25,2025,SC,SRS,,,0,0,15471,134b,1,,1,,,,,
1/26/25,2025,SC,SRS,,,0,0,15447,135b,1,,,,,,,
3/20/25,2025,SC,SRS,,,0,0,15447,135b,1,,1,,,,,
1/26/25,2025,SC,SRS,,,1,0,15472,136b,1,,,,,,,
7/28/25,2025,SC,SRS,,,1,0,15472,136b,1,,,2,,1,,
1/26/25,2025,SC,SRS,,,1,0,15456,138b,1,,,,,,,
6/26/25,2025,SC,SRS,,,1,0,15456,138b,0,,,3,,,,
1/29/25,2025,SC,SRS,,,1,0,15470,140b,1,,,,,,,
3/17/25,2025,SC,SRS,,,1,0,15470,140b,0,,,,,,,
1/29/25,2025,SC,SRS,,,1,0,15455,141b,1,,,,,,,
5/11/25,2025,SC,SRS,,,1,0,15455,141b,0,,,1,,1,1,
2/14/25,2025,SC,SRS,,,1,0,15418,146b,1,,,,,,,
7/24/25,2025,SC,SRS,,,1,0,15418,146b,1,,,2,,,,
1/30/21,2021,SC,SRS,,,1,0,47458,NA1,1,,,,,,,
3/9/21,2021,SC,SRS,,,1,0,47458,NA1,1,,,,,,,
1/30/21,2021,SC,SRS,,,,0,47488,NA2,1,,,,,,,
10/29/21,2021,SC,SRS,,,,0,47488,NA2,1,,1,1,,,,
1/30/21,2021,SC,SRS,,,1,0,47472,,1,,1,,,,,