Date,Year,State,Site,Lat,Long,Age,Sex,Transmitter,BandID,Alive/Dead,CaptureMyopathy,TransmitterFail,NestAttempts,DiedNesting,BroodStage,DiedBrood,Harvested,Note
2/27/14,2014,SC,Webb,,,1,1,113,26,1,0,,,,,,,
5/19/14,2014,SC,Webb,,,1,1,113,26,0,0,,,,,,,"Shot, unclear if harvest"
1/22/14,2014,SC,Webb,,,1,1,124,13,1,1,,,,,,,
1/23/14,2014,SC,Webb,,,1,1,127,18,1,1,,,,,,,
1/22/14,2014,SC,Webb,,,1,1,128,11,1,0,,,,,,,
7/28/14,2014,SC,Webb,,,1,1,128,11,1,0,,,,,,,
1/22/14,2014,SC,Webb,,,1,1,129,6,1,0,,,,,,,
7/31/14,2014,SC,Webb,,,1,1,129,6,1,0,,,,,,,
1/22/14,2014,SC,Webb,,,1,1,131,5,1,1,,,,,,,
2/25/14,2014,SC,Webb,,,1,1,131,24,1,0,,,,,,,
4/12/14,2014,SC,Webb,,,1,1,131,24,0,0,,,,,,1,
1/23/14,2014,SC,Webb,,,1,1,132,22,1,0,,,,,,,
4/11/14,2014,SC,Webb,,,1,1,132,22,0,0,,,,,,1,
1/23/14,2014,SC,Webb,,,1,1,133,21,1,1,,,,,,,
2/25/14,2014,SC,Webb,,,1,1,133,25,1,0,,,,,,,
4/7/14,2014,SC,Webb,,,1,1,133,25,1,0,,,,,,,date based on GPS
1/23/14,2014,SC,Webb,,,1,1,135,19,1,0,,,,,,,
7/23/14,2014,SC,Webb,,,1,1,135,19,0,0,,,,,,1,
1/23/14,2014,SC,Webb,,,1,1,139,20,1,0,,,,,,,
5/12/14,2014,SC,Webb,,,1,1,139,20,0,0,,,,,,,
1/23/14,2014,SC,Webb,,,1,1,142,23,1,0,,,,,,,
5/6/14,2014,SC,Webb,,,1,1,142,23,0,0,,,,,,,"Shot, unclear if harvest"
1/22/14,2014,SC,Webb,,,1,1,143,10,1,0,,,,,,,
3/29/14,2014,SC,Webb,,,1,1,143,10,0,0,,,,,,1,
1/22/14,2014,SC,Webb,,,1,1,144,14,1,0,,,,,,,
6/14/14,2014,SC,Webb,,,1,1,144,14,1,0,,,,,,,
1/22/14,2014,SC,Webb,,,1,1,145,2,1,0,,,,,,,
7/30/14,2014,SC,Webb,,,1,1,145,2,1,0,,,,,,,
1/22/14,2014,SC,Webb,,,1,1,146,12,1,0,,,,,,,
7/29/14,2014,SC,Webb,,,1,1,146,12,1,0,,,,,,,
1/22/14,2014,SC,Webb,,,1,1,147,1,1,0,,,,,,,
5/29/14,2014,SC,Webb,,,1,1,147,1,0,0,,,,,,,
1/22/14,2014,SC,Webb,,,1,1,149,3,1,0,,,,,,,
4/15/14,2014,SC,Webb,,,1,1,149,3,1,0,1,,,,,,"harvested, but after tracking complete"
1/22/14,2014,SC,Webb,,,1,1,150,4,1,0,,,,,,,
7/30/14,2014,SC,Webb,,,1,1,150,4,1,0,,,,,,,
1/24/14,2014,SC,Webb,,,0,0,137,2934,1,0,,,,,,,
3/25/14,2014,SC,Webb,,,0,0,137,2934,1,0,1,,,,,,
1/24/14,2014,SC,Webb,,,0,0,125,2935,1,0,,,,,,,
5/13/14,2014,SC,Webb,,,0,0,125,2935,1,0,1,1,0,1,0,,
1/24/14,2014,SC,Webb,,,0,0,134,2936,1,0,,,,,,,
2/5/14,2014,SC,Webb,,,0,0,134,2936,0,0,,,,,,,
1/24/14,2014,SC,Webb,,,0,0,148,2937,1,0,,,,,,,
2/11/14,2014,SC,Webb,,,0,0,148,2937,0,0,,,,,,,
1/24/14,2014,SC,Webb,,,0,0,151,2938,1,0,,,,,,,
6/14/14,2014,SC,Webb,,,0,0,151,2938,1,0,,1,0,,,,
1/24/14,2014,SC,Webb,,,1,0,123,2939,1,0,,,,,,,
2/24/14,2014,SC,Webb,,,1,0,123,2939,1,0,1,,,,,,
1/24/14,2014,SC,Webb,,,1,0,141,2940,1,0,,,,,,,
4/22/14,2014,SC,Webb,,,1,0,141,2940,1,0,1,,,,,,
1/24/14,2014,SC,Webb,,,1,0,138,2941,1,0,,,,,,,
8/4/14,2014,SC,Webb,,,1,0,138,2941,1,0,,0,,,,,
1/24/14,2014,SC,Webb,,,0,0,136,2942,1,0,,,,,,,
6/14/14,2014,SC,Webb,,,0,0,136,2942,1,0,,1,0,1,0,,
2/19/14,2014,SC,Webb,,,0,0,122,2943,1,0,1,,,,,,
2/19/14,2014,SC,Webb,,,1,0,126,2945,1,0,,,,,,,
5/23/14,2014,SC,Webb,,,1,0,126,2945,1,0,,2,0,1,0,,
2/19/14,2014,SC,Webb,,,1,0,120,2946,1,0,,,,,,,
5/21/14,2014,SC,Webb,,,1,0,120,2946,0,0,,1,0,1,1,,
2/19/14,2014,SC,Webb,,,0,0,95,2947,1,0,,,,,,,
6/11/14,2014,SC,Webb,,,0,0,95,2947,0,0,,0,,,,,
2/19/14,2014,SC,Webb,,,0,0,134,2949,1,0,,,,,,,
7/13/14,2014,SC,Webb,,,0,0,134,2949,1,0,,0,,,,,
2/19/14,2014,SC,Webb,,,0,0,148,2950,1,0,,,,,,,
7/8/14,2014,SC,Webb,,,0,0,148,2950,1,0,,1,0,1,0,,
2/19/14,2014,SC,Webb,,,1,0,140,2952,1,0,,,,,,,
3/5/14,2014,SC,Webb,,,1,0,140,2952,0,0,,,,,,,
1/5/15,2015,SC,Webb,,,1,1,60105,30,1,0,,,,,,,harvest 3/20/17
6/10/15,2015,SC,Webb,,,1,1,60105,30,1,0,,,,,,,
1/20/15,2015,SC,Webb,,,1,1,60107,40,1,,1,,,,,,Net rash both wings Mortality beep1/29. Recovered 2/2
1/28/15,2015,SC,Webb,,,1,1,60109,2,1,0,,,,,,,
5/4/15,2015,SC,Webb,,,1,1,60109,2,1,0,,,,,,,predated 2016
1/5/15,2015,SC,Webb,,,1,1,60111,35,1,,1,,,,,,Band 34 Skipped Bird in good condition. Double Beeper. Harvested 4/4/16
1/20/15,2015,SC,Webb,,,1,1,60113,39,1,0,,,,,,,
7/31/15,2015,SC,Webb,,,1,1,60113,39,1,0,,,,,,,
2/3/15,2015,SC,Webb,,,1,1,60115,42,1,,1,,,,,,Lost a lot of feathers rough shape. Found by herp people transmitter not working.
1/5/15,2015,SC,Webb,,,1,1,60117,32,1,0,,,,,,,Back bare from net rash. Harvested 5/1/15 @ 7:00 a.m. N horeshoe between covey and little rd.
5/1/15,2015,SC,Webb,,,1,1,60117,32,0,0,,,,,,1,
1/20/15,2015,SC,Webb,,,1,1,60119,11,1,0,,,,,,,Good condition. Old transmitter ID:128 Freq:150.400
1/5/15,2015,SC,Webb,,,1,1,60121,31,1,0,,,,,,,Good condition. Harvested by hunter on 4/1/15. Bubs road at 8:00
4/1/15,2015,SC,Webb,,,1,1,60121,31,0,0,,,,,,1,
1/20/15,2015,SC,Webb,,,1,1,60123,37,1,0,1,,,,,,Good condition. Transmitter Recovered 4/24/15
1/20/15,2015,SC,Webb,,,1,1,60125,36,1,0,,,,,,,Good condition. Harvested 5/1/15 @ 2:30 p.m. field north of piggys H.R rd interesection.
5/1/15,2015,SC,Webb,,,1,1,60125,36,0,0,,,,,,1,
1/20/15,2015,SC,Webb,,,1,1,60127,41,1,,1,,,,,,Double bearded. Net rash on left wing. Recovered 2/17
1/28/15,2015,SC,Webb,,,1,1,60129,6,1,,1,,,,,,Recovered 2/2/15
1/5/15,2015,SC,Webb,,,0,1,60129,33,1,0,,,,,,,Leg and wings light net rash. Found dead on Palachacola SE Figtree (Predation maybe)
1/11/15,2015,SC,Webb,,,0,1,60129,33,1,0,,,,,,,
2/10/15,2015,SC,Webb,,,1,1,60129,45,1,0,,,,,,,
7/31/15,2015,SC,Webb,,,1,1,60129,45,1,0,,,,,,,harvest 2017
2/10/15,2015,SC,Webb,,,1,1,60131,56,1,0,,,,,,,
7/31/15,2015,SC,Webb,,,1,1,60131,56,1,0,,,,,,,
2/3/15,2015,SC,Webb,,,1,1,60133,7,1,0,1,,,,,,Mortality beep 3/9/15 recovered 3/10/15
1/20/15,2015,SC,Webb,,,1,1,60133,38,1,,1,,,,,,Missing tail feathers but good condition. Found alive but lathargic on 1/22/15 cut transmitter off.
1/20/15,2015,SC,Webb,,,1,0,60184,219,1,,,,,,,,
3/19/15,2015,SC,Webb,,,1,0,60184,219,1,,1,,,,,,
1/3/15,2015,SC,Webb,,,0,0,60185,212,1,,,,,,,,
1/30/15,2015,SC,Webb,,,0,0,60185,212,1,,1,,,,,,
1/9/15,2015,SC,Webb,,,1,0,60186,240,1,,,,,,,,Transmitter mortality beep on 1/11/15. Double beeping. Female predated on nest.
6/10/15,2015,SC,Webb,,,1,0,60186,240,0,,,2,1,,,,
1/20/15,2015,SC,Webb,,,1,0,60187,226,1,,,,,,,,
10/2/15,2015,SC,Webb,,,1,0,60187,226,1,,,1,0,1,0,,
1/3/15,2015,SC,Webb,,,1,0,60188,203,1,,,,,,,,Wet
8/18/15,2015,SC,Webb,,,1,0,60188,203,1,,,0,,,,,
1/9/15,2015,SC,Webb,,,0,0,60189,236,1,,,,,,,,
2/8/15,2015,SC,Webb,,,0,0,60189,236,1,,1,,,,,,
1/20/15,2015,SC,Webb,,,0,0,60190,222,1,,,,,,,,
8/18/15,2015,SC,Webb,,,0,0,60190,222,1,,,0,,,,,
1/3/15,2015,SC,Webb,,,0,0,60191,211,1,,,,,,,,
10/1/15,2015,SC,Webb,,,0,0,60191,211,1,,,1,0,1,0,,
2/25/15,2015,SC,Webb,,,1,1,60192,62,1,0,,,,,,,Double bearded Harvested 4/26/15 on private around 8:00 A.M.
4/26/15,2015,SC,Webb,,,1,1,60192,62,0,0,,,,,,1,
1/9/15,2015,SC,Webb,,,1,0,60192,241,1,1,,,,,,,Recovered 1/23/15
1/3/15,2015,SC,Webb,,,1,0,60193,216,1,1,,,,,,,Found dead with little trace of carcass transmitter will be redeployed
2/13/15,2015,SC,Webb,,,1,0,60193,249,1,,,,,,,,
4/23/15,2015,SC,Webb,,,1,0,60193,249,1,,1,0,,,,,
1/3/15,2015,SC,Webb,,,0,0,60194,213,1,,,,,,,,Mortality beep 3/9/15 recovered 3/10/15
3/9/15,2015,SC,Webb,,,0,0,60194,213,0,,,,,,,,
1/20/15,2015,SC,Webb,,,1,0,60195,245,1,,,,,,,,
8/18/15,2015,SC,Webb,,,1,0,60195,245,1,,,1,0,,,,
1/20/15,2015,SC,Webb,,,1,0,60196,229,1,,,,,,,,
6/30/15,2015,SC,Webb,,,1,0,60196,229,1,,,1,0,1,0,,
1/3/15,2015,SC,Webb,,,0,0,60197,209,1,,,,,,,,
5/14/15,2015,SC,Webb,,,0,0,60197,209,1,,,1,0,,,,
1/20/15,2015,SC,Webb,,,1,0,60198,246,1,1,,,,,,,Missing majority of tail feathers. Mortality Beep 2/8 Recovered 2/9
2/13/15,2015,SC,Webb,,,1,0,60198,251,1,,1,,,,,,
1/20/15,2015,SC,Webb,,,1,0,60199,217,1,,,,,,,,Bearded Hen. Good Condition. Hit tree on departure. Transmitter recovered and cut off 1/22/15 
1/22/15,2015,SC,Webb,,,1,0,60199,217,1,,1,,,,,,
2/13/15,2015,SC,Webb,,,1,0,60199,250,1,,,,,,,,
5/18/15,2015,SC,Webb,,,1,0,60199,250,1,,1,1,0,,,,
1/3/15,2015,SC,Webb,,,0,0,60200,214,1,,,,,,,,
8/18/15,2015,SC,Webb,,,0,0,60200,214,1,,,,,,,,
1/9/15,2015,SC,Webb,,,1,0,60201,239,1,1,,,,,,,Gash on Head
1/7/15,2015,SC,Webb,,,0,1,60202,50,1,0,,,,,,,harvested 3/31/16
7/12/15,2015,SC,Webb,,,0,1,60202,50,1,0,,,,,,,
1/3/15,2015,SC,Webb,,,0,0,60203,215,1,,1,,,,,,
1/9/15,2015,SC,Webb,,,1,0,60204,235,1,,,,,,,,
3/13/15,2015,SC,Webb,,,1,0,60204,235,1,,1,,,,,,
1/20/15,2015,SC,Webb,,,1,0,60205,223,1,,,,,,,,
12/9/15,2015,SC,Webb,,,1,0,60205,223,1,,1,1,0,1,0,,
1/3/15,2015,SC,Webb,,,1,0,60206,204,1,,,,,,,,Very Lathargic  Predated 6/8/15
6/8/15,2015,SC,Webb,,,1,0,60206,204,0,,,0,,,,,
1/5/15,2015,SC,Webb,,,1,0,60207,231,1,0,1,,,,,,
1/20/15,2015,SC,Webb,,,1,0,60208,218,1,,,,,,,,
3/19/15,2015,SC,Webb,,,1,0,60208,218,1,,1,,,,,,
1/3/15,2015,SC,Webb,,,1,0,60209,206,1,,,,,,,,
5/8/15,2015,SC,Webb,,,1,0,60209,206,1,,,0,,,,,
1/9/15,2015,SC,Webb,,,1,0,60210,237,1,1,,,,,,,Lost Some Back Feathers. Dead burried itself in hole across road from river field.
2/13/15,2015,SC,Webb,,,0,0,60210,252,1,,,,,,,,
7/20/15,2015,SC,Webb,,,0,0,60210,252,1,,1,0,,,,,
1/20/15,2015,SC,Webb,,,1,0,60211,224,1,1,,,,,,,Left foot toe is nub. Good condition. Mortality beep 2/8 recovered 2/12
2/13/15,2015,SC,Webb,,,0,0,60211,248,1,,,,,,,,
9/30/15,2015,SC,Webb,,,0,0,60211,248,1,,,0,,,,,
1/3/15,2015,SC,Webb,,,0,0,60212,210,1,,,,,,,,
5/8/15,2015,SC,Webb,,,0,0,60212,210,1,,1,,,,,,
1/20/15,2015,SC,Webb,,,1,0,60213,244,1,1,,,,,,,Good condition DidnŐt fly acted fatigued. Recovered 1/25/15
1/20/15,2015,SC,Webb,,,1,0,60214,227,1,,,,,,,,Net rash on back. No tail feathers. Trouble taking off. Recovered on 3/4/15
3/4/15,2015,SC,Webb,,,1,0,60214,227,0,,,,,,,,
1/3/15,2015,SC,Webb,,,0,0,60215,207,1,,,,,,,,
3/17/15,2015,SC,Webb,,,0,0,60215,207,1,,1,,,,,,
1/5/15,2015,SC,Webb,,,1,0,60216,232,1,,,,,,,,
7/20/15,2015,SC,Webb,,,1,0,60216,232,1,,,1,0,1,0,,
1/20/15,2015,SC,Webb,,,1,0,60217,220,1,,,,,,,,Recovered 5/17/2015
5/17/15,2015,SC,Webb,,,1,0,60217,220,0,,,1,0,1,1,,
1/3/15,2015,SC,Webb,,,1,0,60218,2941,1,,,,,,,,
3/12/15,2015,SC,Webb,,,1,0,60218,2941,1,,1,,,,,,
1/20/15,2015,SC,Webb,,,1,0,60219,247,1,1,,,,,,,
1/20/15,2015,SC,Webb,,,1,0,60220,228,1,,,,,,,,Good condition. Adandoned nest 5/30/15 Predated found dead 6/1/15
6/1/15,2015,SC,Webb,,,1,0,60220,228,0,,,1,0,,,,
1/3/15,2015,SC,Webb,,,1,0,60221,208,1,,,,,,,,
8/18/15,2015,SC,Webb,,,1,0,60221,208,1,,,1,0,1,0,,
1/5/15,2015,SC,Webb,,,0,0,60222,234,1,0,1,,,,,,
1/20/15,2015,SC,Webb,,,1,0,60223,221,1,,,,,,,,
7/27/15,2015,SC,Webb,,,1,0,60223,221,1,,1,2,0,0,,,
1/3/15,2015,SC,Webb,,,0,0,60224,205,1,,,,,,,,
8/18/15,2015,SC,Webb,,,0,0,60224,205,1,,,0,,,,,
1/9/15,2015,SC,Webb,,,1,0,60225,238,1,,,,,,,,No Tail Feathers. Mortality beep 2/19 recovered 2/22
2/19/15,2015,SC,Webb,,,1,0,60225,238,0,,,,,,,,
1/20/15,2015,SC,Webb,,,0,0,60226,225,1,,,,,,,,Good condition. Likely predation on 7/6/15
7/6/15,2015,SC,Webb,,,0,0,60226,225,0,,,1,0,,,,
1/3/15,2015,SC,Webb,,,1,0,60227,202,1,1,,,,,,,Mortality beep 3/20/15 recovered same day.
1/5/15,2015,SC,Webb,,,1,0,60228,233,1,0,,,,,,,
5/22/15,2015,SC,Webb,,,1,0,60228,233,0,0,,1,1,0,0,,
2/25/15,2015,SC,Webb,,,1,1,60382,61,1,0,,,,,,,Wings beat up lost a few feathers. Recovered 3/5
3/5/15,2015,SC,Webb,,,1,1,60382,61,1,0,1,,,,,,
2/25/15,2015,SC,Webb,,,1,1,60383,58,1,0,,,,,,harvested 4/7/16,
7/27/15,2015,SC,Webb,,,1,1,60383,58,1,0,,,,,,,
2/25/15,2015,SC,Webb,,,1,1,60384,59,1,0,,,,,,,
7/27/15,2015,SC,Webb,,,1,1,60384,59,1,0,,,,,,,
2/25/15,2015,SC,Webb,,,1,1,60385,57,1,0,,,,,,,
4/26/15,2015,SC,Webb,,,1,1,60385,57,0,0,,,,,,1,
2/25/15,2015,SC,Webb,,,1,1,60386,55,1,,1,,,,,,
2/25/15,2015,SC,Webb,,,1,1,60387,60,1,0,,,,,,,Double bearded. Harvested 4/26/15 on private around 8:00 A.M.
4/26/15,2015,SC,Webb,,,1,1,60387,60,0,0,,,,,,1,
1/5/15,2015,SC,Webb,,,0,1,,46,1,0,,,,,,,
1/5/15,2015,SC,Webb,,,0,1,,47,1,0,,,,,,,
1/5/15,2015,SC,Webb,,,0,1,,48,1,0,,,,,,,Harvested 3/21/16 on private (Bradys property north of cemetary). 
1/5/15,2015,SC,Webb,,,0,1,,49,1,0,,,,,,,
1/7/15,2015,SC,Webb,,,0,1,,51,1,0,,,,,,,
1/7/15,2015,SC,Webb,,,0,1,,52,1,0,,,,,,,
1/7/15,2015,SC,Webb,,,0,1,,53,1,0,,,,,,,
1/7/15,2015,SC,Webb,,,0,1,,54,1,0,,,,,,,
2/11/16,2016,SC,Webb,,,0,0,6,309,1,0,,,,,,,Found dead 5/30/16
5/30/16,2016,SC,Webb,,,0,0,6,309,0,0,,0,,,,,
6/28/16,2016,SC,Webb,,,1,1,41229,83,1,0,,,,,,,Pin Point Test Unit
2/1/16,2016,SC,Webb,,,0,0,60643,260,1,0,,,,,,,Could not find bird after last download on 6/3/16
6/3/15,2016,SC,Webb,,,0,0,60643,260,1,0,,0,,,,,
1/25/16,2016,SC,Webb,,,1,0,60644,288,1,0,,,,,,,No DNA feathers
8/15/16,2016,SC,Webb,,,1,0,60644,288,1,0,,2,0,1,0,,
1/20/16,2016,SC,Webb,,,1,0,60646,263,1,0,,,,,,,Bird predated while nesting 4/28
4/28/16,2016,SC,Webb,,,1,0,60646,263,0,0,,1,1,,,,
2/2/16,2016,SC,Webb,,,1,0,60647,271,1,0,,,,,,,Predated while brooding 5/13/16
5/13/16,2016,SC,Webb,,,1,0,60647,271,0,0,,1,0,1,1,,
1/25/16,2016,SC,Webb,,,1,0,60647,287,1,1,,,,,,,Two tail feathers
2/2/16,2016,SC,Webb,,,1,0,60649,278,1,0,,,,,,,
7/16/16,2016,SC,Webb,,,1,0,60649,278,1,0,,1,0,,,,
2/2/16,2016,SC,Webb,,,1,0,60650,274,1,1,,,,,,,May have hit a tree when flying off
2/11/16,2016,SC,Webb,,,1,0,60650,311,1,,1,,,,,,Double Beeper. Never downloaded.
1/25/16,2016,SC,Webb,,,1,0,60651,293,1,0,,,,,,,rash on head
8/15/16,2016,SC,Webb,,,1,0,60651,293,1,0,,1,0,1,0,,
2/11/16,2016,SC,Webb,,,1,0,60652,210,1,0,,,,,,,"Old Unit: VHF: 148.240, ID: 60212."
8/15/16,2016,SC,Webb,,,1,0,60652,210,1,0,,1,0,1,0,,
1/20/16,2016,SC,Webb,,,1,0,60652,253,1,0,,,,,,,Recovered 2/10/16. Appeared to be predated. A ways off from trapsite.
2/10/16,2016,SC,Webb,,,1,0,60652,253,0,0,,0,,,,,
2/3/16,2016,SC,Webb,,,0,0,60653,297,1,1,,,,,,,Net rash on back. Applied ointment.
2/26/16,2016,SC,Webb,,,1,0,60653,298,1,0,,,,,,,
8/15/16,2016,SC,Webb,,,1,0,60653,298,1,0,,1,0,,,,
1/25/16,2016,SC,Webb,,,1,0,60654,223,1,0,,,,,,,
4/29/16,2016,SC,Webb,,,1,0,60654,223,0,0,,,,,,1,Found 4/30/16 in the bottom of the creek off black swamp bridge. Belive illegally harvested. 
2/1/16,2016,SC,Webb,,,0,0,60655,256,1,0,,,,,,,Could not find bird after last download on 3/30/16
3/30/16,2016,SC,Webb,,,0,0,60655,256,1,0,1,,,,,,
1/20/16,2016,SC,Webb,,,1,0,60656,264,1,0,,,,,,,
8/15/16,2016,SC,Webb,,,1,0,60656,264,1,0,,1,0,,,,
1/25/16,2016,SC,Webb,,,1,0,60658,281,1,0,,,,,,,
8/15/16,2016,SC,Webb,,,1,0,60658,281,1,0,,2,0,1,0,,
1/25/16,2016,SC,Webb,,,1,0,60660,291,1,0,,,,,,,Predated around 3/5/16 recovered 3/6/16
3/5/16,2016,SC,Webb,,,1,0,60660,291,0,0,,,,,,,
1/20/16,2016,SC,Webb,,,1,0,60661,266,1,0,,,,,,,Missing tail feathers. Predated around 2/25/16 transmitter recovered 2/27/16
2/25/16,2016,SC,Webb,,,1,0,60661,266,0,0,,,,,,,
1/20/16,2016,SC,Webb,,,1,0,60663,270,1,0,,,,,,,
7/16/16,2016,SC,Webb,,,1,0,60663,270,1,0,,1,0,,,,
2/2/16,2016,SC,Webb,,,1,0,60664,279,1,0,,,,,,,Predated on nest 4/13/16
4/13/16,2016,SC,Webb,,,1,0,60664,279,0,0,,1,1,,,,
1/25/16,2016,SC,Webb,,,0,0,60665,282,1,0,,,,,,,
8/15/16,2016,SC,Webb,,,0,0,60665,282,1,0,,0,,,,,
2/11/16,2016,SC,Webb,,,0,0,60666,307,1,0,,,,,,,Could not find bird after last download om 5/17/16
5/17/16,2016,SC,Webb,,,0,0,60666,307,1,0,,0,,,,,
2/3/16,2016,SC,Webb,,,1,0,60667,280,1,0,,,,,,,
8/16/16,2016,SC,Webb,,,1,0,60667,280,1,0,,1,0,1,0,,
1/25/16,2016,SC,Webb,,,1,0,60670,294,1,0,,,,,,,
8/15/16,2016,SC,Webb,,,1,0,60670,294,1,0,,2,0,,,,
1/25/16,2016,SC,Webb,,,1,0,60671,286,1,0,,,,,,,
8/15/16,2016,SC,Webb,,,1,0,60671,286,1,0,,0,,,,,
2/1/16,2016,SC,Webb,,,0,0,60672,254,1,0,,,,,,,
8/15/16,2016,SC,Webb,,,0,0,60672,254,1,0,,1,0,1,0,,
2/1/16,2016,SC,Webb,,,0,0,60673,257,1,0,,,,,,,Bird predated found 3/2/16
3/1/16,2016,SC,Webb,,,0,0,60673,257,0,0,,0,,,,,
1/20/16,2016,SC,Webb,,,1,0,60674,262,1,0,,,,,,,Recovered 3/4/16. Predated
3/4/16,2016,SC,Webb,,,1,0,60674,262,0,0,,,,,,,
1/25/16,2016,SC,Webb,,,1,0,60676,285,1,0,,,,,,,Predated while brooding recovered 6/2/16
6/2/16,2016,SC,Webb,,,1,0,60676,285,0,0,,1,0,1,1,,
1/25/16,2016,SC,Webb,,,1,0,60677,296,1,0,,,,,,,Predated while nesting around 5/1/16
5/1/16,2016,SC,Webb,,,1,0,60677,296,0,0,,1,1,,,,
1/25/16,2016,SC,Webb,,,1,0,60678,290,1,0,,,,,,,net rash applied ointment. Predated around 4/19/16 
4/19/16,2016,SC,Webb,,,1,0,60678,290,0,0,,0,,,,,
2/11/16,2016,SC,Webb,,,0,0,60679,308,1,0,,,,,,,Could not find bird after last download on 5/4/16
5/4/16,2016,SC,Webb,,,0,0,60679,308,1,0,,0,,,,,
1/25/16,2016,SC,Webb,,,1,0,60680,284,1,0,,,,,,,Found dead 100 yds from road may have been hit by car feathers on  side of road
3/14/16,2016,SC,Webb,,,1,0,60680,284,0,0,,,,,,,
2/2/16,2016,SC,Webb,,,1,0,60682,275,1,0,,,,,,,
8/15/16,2016,SC,Webb,,,1,0,60682,275,1,0,,1,0,1,0,,
2/1/16,2016,SC,Webb,,,1,0,60683,258,1,0,,,,,,,Predated while nesting around 4/21/16
4/21/16,2016,SC,Webb,,,1,0,60683,258,0,0,,1,1,,,,
1/20/16,2016,SC,Webb,,,0,0,60686,261,1,0,,,,,,,
8/15/16,2016,SC,Webb,,,0,0,60686,261,1,0,,0,,,,,
1/25/16,2016,SC,Webb,,,1,0,60688,289,1,0,,,,,,,
8/15/16,2016,SC,Webb,,,1,0,60688,289,1,0,,1,0,1,0,,
1/20/16,2016,SC,Webb,,,1,0,60689,265,1,0,,,,,,,Predated
2/25/16,2016,SC,Webb,,,1,0,60689,265,0,0,,,,,,,
2/1/16,2016,SC,Webb,,,1,0,60690,255,1,0,,,,,,,net rash applied ointment 
8/15/16,2016,SC,Webb,,,1,0,60690,255,1,0,,1,0,1,0,,
1/25/16,2016,SC,Webb,,,1,0,60693,292,1,0,,,,,,,
8/15/16,2016,SC,Webb,,,1,0,60693,292,1,0,,2,0,1,0,,
1/20/16,2016,SC,Webb,,,1,0,60695,269,1,0,1,,,,,,Double Beeper went off air in febuary
2/2/16,2016,SC,Webb,,,1,0,60696,276,1,0,,,,,,,
7/16/16,2016,SC,Webb,,,1,0,60696,276,1,0,,1,0,1,0,,
1/20/16,2016,SC,Webb,,,1,0,60699,267,1,1,,,,,,,Recovered 1/23/16
2/2/16,2016,SC,Webb,,,1,0,60699,273,1,0,,,,,,,Predated 3/22/16 recovered 3/23/16
3/22/16,2016,SC,Webb,,,1,0,60699,273,0,0,,,,,,,
2/2/16,2016,SC,Webb,,,1,0,60700,272,1,0,,,,,,,
8/15/16,2016,SC,Webb,,,1,0,60700,272,1,0,,2,0,,,,
1/25/16,2016,SC,Webb,,,0,0,60700,295,1,1,,,,,,,
2/1/16,2016,SC,Webb,,,1,0,60701,259,1,1,,,,,,,Gargling Blood. Recovered 2/10/16. Trap related death.
2/11/16,2016,SC,Webb,,,1,0,60701,310,1,0,,,,,,,
8/15/16,2016,SC,Webb,,,1,0,60701,310,1,0,,1,0,,,,
2/11/16,2016,SC,Webb,,,1,0,60703,306,1,0,,,,,,,Net rash on back. Applied ointment.
8/15/16,2016,SC,Webb,,,1,0,60703,306,1,0,,2,0,,,,
2/2/16,2016,SC,Webb,,,0,0,60704,277,1,0,,,,,,,Net rash applied ointment. Landed in tree then crashed to ground. Predated on nest 5/17/16
5/16/16,2016,SC,Webb,,,0,0,60704,277,0,0,,1,1,,,,
1/25/16,2016,SC,Webb,,,1,0,60705,283,1,0,,,,,,,Predated around 3/5/16 recovered 3/6/16
3/5/16,2016,SC,Webb,,,1,0,60705,283,0,0,,,,,,,
2/22/16,2016,SC,Webb,,,1,1,60744,65,1,0,,,,,,,Harvested 4/9/16 on private property.
4/9/16,2016,SC,Webb,,,1,1,60744,65,0,0,,,,,,1,
2/16/16,2016,SC,Webb,,,1,1,60747,78,1,0,,,,,,,
12/15/16,2016,SC,Webb,,,1,1,60747,78,1,0,,,,,,,
2/16/16,2016,SC,Webb,,,1,1,60750,81,1,0,,,,,,,Found dead 5/31/16. Died 5/28/16.
5/28/16,2016,SC,Webb,,,1,1,60750,81,0,0,,,,,,,
2/16/16,2016,SC,Webb,,,1,1,60751,77,1,0,,,,,,,
12/14/16,2016,SC,Webb,,,1,1,60751,77,1,0,,,,,,,
2/16/16,2016,SC,Webb,,,1,1,60760,76,1,0,,,,,,,Harvested 4/7/16.Shot at Birdog by Billy he was using GPS unit #1
4/7/16,2016,SC,Webb,,,1,1,60760,76,0,0,,,,,,1,
2/27/16,2016,SC,Webb,,,1,1,60761,71,1,1,,,,,,,
2/16/16,2016,SC,Webb,,,1,1,60761,75,1,1,,,,,,,Trap myopathy
2/16/16,2016,SC,Webb,,,1,1,60766,79,1,0,,,,,,,Predated around 3/21/16. Recovered 3/22/16
3/21/16,2016,SC,Webb,,,1,1,60766,79,0,0,,,,,,,
2/16/16,2016,SC,Webb,,,1,1,60767,80,1,0,,,,,,,Harvested 4/2/16
4/2/16,2016,SC,Webb,,,1,1,60767,80,0,0,,,,,,1,
2/22/16,2016,SC,Webb,,,1,1,60769,2,1,0,,,,,,,Found dead 6/3/16
6/3/16,2016,SC,Webb,,,1,1,60769,2,0,0,,,,,,,
2/11/16,2016,SC,Webb,,,1,0,60770,305,1,0,,,,,,,Predated 2/29/16
2/29/16,2016,SC,Webb,,,1,0,60770,305,0,0,,,,,,,
2/16/16,2016,SC,Webb,,,1,1,60772,82,1,0,,,,,,,
12/15/16,2016,SC,Webb,,,1,1,60772,82,1,0,,,,,,,
2/27/16,2016,SC,Webb,,,1,1,60773,72,1,0,,,,,,,
12/13/16,2016,SC,Webb,,,1,1,60773,72,1,0,,,,,,,
2/11/16,2016,SC,Webb,,,1,0,60780,304,1,0,,,,,,,Bearded Hen
8/15/16,2016,SC,Webb,,,1,0,60780,304,1,0,,2,0,,,,
2/10/16,2016,SC,Webb,,,0,1,60781,64,1,0,1,,,,,,Ran off holding wing up.
2/26/16,2016,SC,Webb,,,0,0,60914,302,1,1,,,,,,,Died 3/6/16 probably due to trap myopathy
2/27/16,2016,SC,Webb,,,1,1,60916,73,1,0,,,,,,,Predated 6/15/16 due to being wounded during turkey season.
6/15/16,2016,SC,Webb,,,1,1,60916,73,0,0,,,,,,,
2/26/16,2016,SC,Webb,,,1,0,60918,301,1,0,,,,,,,
8/17/16,2016,SC,Webb,,,1,0,60918,301,1,0,,1,0,1,0,,
2/26/16,2016,SC,Webb,,,1,0,60919,229,1,0,,,,,,,"Old Unit: VHF: 148.160, ID: 60196."
8/15/16,2016,SC,Webb,,,1,0,60919,229,1,0,,1,0,1,0,,
2/26/16,2016,SC,Webb,,,0,0,60921,299,1,0,,,,,,,
7/16/16,2016,SC,Webb,,,0,0,60921,299,1,0,,1,0,,,,
2/26/16,2016,SC,Webb,,,1,0,60922,300,1,0,,,,,,,
6/1/16,2016,SC,Webb,,,1,0,60922,300,0,0,,2,1,,,,
2/26/16,2016,SC,Webb,,,1,0,60923,303,1,0,,,,,,,Predated on nest 4/15/16
4/15/16,2016,SC,Webb,,,1,0,60923,303,0,0,,1,1,,,,
2/10/16,2016,SC,Webb,,,0,1,,63,1,0,,,,,,,Net Mortality
1/20/16,2016,SC,Webb,,,0,1,,84,1,0,,,,,,,
1/20/16,2016,SC,Webb,,,0,1,,85,1,0,,,,,,,
1/20/16,2016,SC,Webb,,,0,1,,86,1,0,,,,,,,
1/20/16,2016,SC,Webb,,,0,1,,87,1,0,,,,,,,
1/25/16,2016,SC,Webb,,,0,1,,88,1,0,,,,,,,
2/11/16,2016,SC,Webb,,,0,1,,89,1,0,,,,,,,Band only
2/10/16,2016,SC,Webb,,,0,1,,93,1,0,,,,,,,Band only
2/11/16,2016,SC,Webb,,,1,0,,312,1,0,,,,,,,Band only
1/1/17,2017,SC,Webb,,,1,1,60773,72,1,0,,,,,,,
2/4/17,2017,SC,Webb,,,1,1,60773,72,1,0,1,,,,,,
1/13/17,2017,SC,Webb,,,1,0,46206,379,1,0,,,,,,,
7/31/17,2017,SC,Webb,,,1,0,46206,379,1,0,1,1,0,,,,
1/13/17,2017,SC,Webb,,,1,0,46196,381,1,0,,,,,,,
2/5/17,2017,SC,Webb,,,1,0,46196,381,0,0,,,,,,,
1/13/17,2017,SC,Webb,,,1,0,46183,380,1,0,,,,,,,
3/17/17,2017,SC,Webb,,,1,0,46183,380,1,0,1,,,,,,
1/13/17,2017,SC,Webb,,,1,0,46186,383,1,0,,,,,,,
7/31/17,2017,SC,Webb,,,1,0,46186,383,1,0,,1,0,,,,
1/13/17,2017,SC,Webb,,,1,0,46187,384,1,0,,,,,,,
5/26/17,2017,SC,Webb,,,1,0,46187,384,1,0,1,1,0,1,0,,
1/13/17,2017,SC,Webb,,,1,0,46186,378,1,0,,,,,,,
6/26/17,2017,SC,Webb,,,1,0,46186,378,1,0,,1,0,1,0,,
3/9/17,2017,SC,Webb,,,0,1,46182,110,1,0,,,,,,,
4/17/17,2017,SC,Webb,,,0,1,46182,110,1,0,1,,,,,,
3/9/17,2017,SC,Webb,,,0,1,46171,109,1,0,1,,,,,,
3/9/17,2017,SC,Webb,,,0,1,46210,108,1,1,,,,,,,
2/13/17,2017,SC,Webb,,,1,1,46115,100,1,0,,,,,,,
3/29/17,2017,SC,Webb,,,1,1,46115,100,1,0,1,,,,,,
2/13/17,2017,SC,Webb,,,1,0,36116,315,1,0,1,,,,,,
2/17/17,2017,SC,Webb,,,1,1,46108,98,1,0,,,,,,,
4/17/17,2017,SC,Webb,,,1,1,46108,98,0,0,,,,,,,
2/17/17,2017,SC,Webb,,,1,1,46106,96,1,0,,,,,,,
7/31/17,2017,SC,Webb,,,1,1,46106,96,1,0,,,,,,,
2/17/17,2017,SC,Webb,,,1,1,46113,99,1,0,,,,,,,
3/16/17,2017,SC,Webb,,,1,1,46113,99,0,0,,,,,,,probably poached
2/23/17,2017,SC,Webb,,,0,1,46110,92,1,0,,,,,,,
4/10/17,2017,SC,Webb,,,0,1,46110,92,1,0,1,,,,,,
2/23/17,2017,SC,Webb,,,0,1,46117,102,1,0,,,,,,,
7/20/17,2017,SC,Webb,,,0,1,46117,102,0,0,,,,,,,
2/23/17,2017,SC,Webb,,,0,1,46104,69,1,0,,,,,,,
4/18/17,2017,SC,Webb,,,0,1,46104,69,1,0,1,,,,,,
2/23/17,2017,SC,Webb,,,0,1,46111,68,1,0,,,,,,,
7/29/17,2017,SC,Webb,,,0,1,46111,68,1,0,1,,,,,,
2/23/17,2017,SC,Webb,,,0,1,46116,66,1,0,,,,,,,
7/10/17,2017,SC,Webb,,,0,1,46116,66,1,0,1,,,,,,
2/23/17,2017,SC,Webb,,,0,1,46099,74,1,0,,,,,,,
3/17/17,2017,SC,Webb,,,0,1,46099,74,0,0,,,,,,,
2/23/17,2017,SC,Webb,,,0,1,46107,95,1,0,,,,,,,
4/10/17,2017,SC,Webb,,,0,1,46107,95,1,0,1,,,,,,
2/23/17,2017,SC,Webb,,,0,1,46112,90,1,0,,,,,,,
4/19/17,2017,SC,Webb,,,0,1,46112,90,1,0,1,,,,,,
2/23/17,2017,SC,Webb,,,0,1,46103,94,1,0,,,,,,,
7/1/17,2017,SC,Webb,,,0,1,46103,94,1,0,1,,,,,,
2/23/17,2017,SC,Webb,,,0,1,46114,101,1,0,,,,,,,
4/19/17,2017,SC,Webb,,,0,1,46114,101,1,0,1,,,,,,
2/23/17,2017,SC,Webb,,,0,1,46109,103,1,0,,,,,,,
4/10/17,2017,SC,Webb,,,0,1,46109,103,1,0,1,,,,,,
2/23/17,2017,SC,Webb,,,0,1,46101,70,1,0,,,,,,,
5/2/17,2017,SC,Webb,,,0,1,46101,70,1,0,1,,,,,,
2/23/17,2017,SC,Webb,,,0,1,46105,67,1,0,,,,,,,
5/9/17,2017,SC,Webb,,,0,1,46105,67,0,0,,,,,,,
2/23/17,2017,SC,Webb,,,0,1,46102,97,1,0,,,,,,,
3/30/17,2017,SC,Webb,,,0,1,46101,97,0,0,,,,,,,
1/10/18,2018,SC,Webb,,,0,0,61134,329,1,1,,,,,,,
1/10/18,2018,SC,Webb,,,0,0,61120,376,1,0,,,,,,,
7/31/18,2018,SC,Webb,,,0,0,61120,376,1,0,,0,,,,,
1/10/18,2018,SC,Webb,,,0,0,61117,332,1,0,,,,,,,
4/3/18,2018,SC,Webb,,,0,0,61117,332,0,0,,1,1,,,,
1/10/18,2018,SC,Webb,,,0,0,61126,372,1,0,,,,,,,
7/31/18,2018,SC,Webb,,,0,0,61126,372,1,0,,1,0,,,,
1/10/18,2018,SC,Webb,,,1,0,61118,362,1,0,,,,,,,
7/31/18,2018,SC,Webb,,,1,0,61118,362,1,0,,0,,,,,
1/10/18,2018,SC,Webb,,,0,0,61122,330,1,1,,,,,,,
1/10/18,2018,SC,Webb,,,0,0,61136,375,1,1,,,,,,,
1/10/18,2018,SC,Webb,,,0,0,61125,355,1,0,,,,,,,
7/31/18,2018,SC,Webb,,,0,0,61125,355,1,0,,1,0,,,,
1/10/18,2018,SC,Webb,,,0,0,61130,334,1,0,,,,,,,
7/31/18,2018,SC,Webb,,,0,0,61130,334,1,0,,1,0,,,,
1/10/18,2018,SC,Webb,,,0,0,61123,333,1,1,,,,,,,
1/10/18,2018,SC,Webb,,,0,0,46212,331,1,0,,,,,,,
4/15/18,2018,SC,Webb,,,0,0,46212,331,1,0,1,,,,,,
1/15/18,2018,SC,Webb,,,1,0,61142,339,1,0,,,,,,,
7/31/18,2018,SC,Webb,,,1,0,61142,339,1,0,1,1,0,,,,
1/15/18,2018,SC,Webb,,,1,0,61135,338,1,0,,,,,,,
7/31/18,2018,SC,Webb,,,1,0,61135,338,1,0,,1,0,,,,
1/15/18,2018,,,,,0,0,61132,361,1,0,,,,,,,
2/9/18,2018,,,,,0,0,61132,361,0,0,,,,,,,
1/15/18,2018,,,,,1,0,61132,372,1,1,,,,,,,
1/22/18,2018,,,,,0,1,61224,126,1,0,,,,,,,
1/29/18,2018,,,,,0,1,61224,126,0,0,,,,,,,
1/22/18,2018,,,,,0,1,61227,117,1,0,,,,,,,
7/31/18,2018,,,,,0,1,61227,117,1,0,,,,,,,
1/22/18,2018,,,,,0,1,61144,118,1,1,,,,,,,
1/22/18,2018,,,,,0,0,61139,352,1,0,,,,,,,
7/31/18,2018,,,,,0,0,61139,352,1,0,,3,0,1,0,,
1/22/18,2018,,,,,0,0,61225,351,1,0,,,,,,,
3/8/18,2018,,,,,0,0,61225,351,0,0,,,,,,,
1/22/18,2018,,,,,0,0,61235,371,1,0,,,,,,,
2/10/18,2018,,,,,0,0,61235,371,0,0,,,,,,,
1/22/18,2018,,,,,0,0,61233,336,1,1,,,,,,,
1/22/18,2018,,,,,0,0,61228,347,1,0,,,,,,,
7/31/18,2018,,,,,0,0,61228,347,1,0,,,,,,,
1/22/18,2018,,,,,0,0,61226,356,1,0,,,,,,,
4/29/18,2018,,,,,0,0,61226,356,0,0,,1,1,,,,
1/22/18,2018,,,,,0,0,61138,348,1,0,,,,,,,
7/31/18,2018,,,,,0,0,61138,348,1,0,,1,0,1,0,,
1/16/18,2018,,,,,0,1,61143,123,1,1,,,,,,,
1/16/18,2018,,,,,0,1,46198,127,1,0,,,,,,,
7/31/18,2018,,,,,0,1,46198,127,1,0,,,,,,,
1/16/18,2018,,,,,0,1,61137,114,1,1,,,,,,,
1/16/18,2018,,,,,0,1,61146,115,1,1,,,,,,,
1/24/18,2018,,,,,1,1,61232,128,1,0,,,,,,,
7/31/18,2018,,,,,1,1,61232,128,1,0,,,,,,,
1/24/18,2018,,,,,0,1,61230,107,1,0,,,,,,,
7/31/18,2018,,,,,0,1,61230,107,1,0,,,,,,,
1/24/18,2018,,,,,0,1,61223,105,1,0,,,,,,,
7/31/18,2018,,,,,0,1,61223,105,1,0,,,,,,,
1/24/18,2018,,,,,1,1,61129,116,1,0,,,,,,,
3/7/18,2018,,,,,1,1,61129,116,0,0,,,,,,,
1/24/18,2018,,,,,1,1,61237,112,1,0,,,,,,,
3/16/18,2018,,,,,1,1,61237,112,0,0,,,,,,,
2/20/18,2018,,,,,0,0,61122,125,1,0,,,,,,,
5/15/18,2018,,,,,0,0,61122,125,1,0,,0,,,,,
2/20/18,2018,,,,,0,1,61145,106,1,0,,,,,,,
7/31/18,2018,,,,,0,1,61145,106,1,0,,,,,,,
2/7/18,2018,,,,,1,1,61143,121,1,0,,,,,,,
6/4/18,2018,,,,,1,1,61143,121,0,0,,,,,,,
2/7/18,2018,,,,,1,1,61224,122,1,0,,,,,,,
7/31/18,2018,,,,,1,1,61224,122,1,0,,,,,,,
2/7/18,2018,,,,,1,1,61146,124,1,0,,,,,,,
7/31/18,2018,,,,,1,1,61146,124,1,0,,,,,,,